user,income,auto_spent_amount,auto_spent_count,food_spent_amount,food_spent_count,entertainment_spent_amount,entertainment_spent_count,clothing_spent_amount,clothing_spent_count,medical_spent_amount,medical_spent_count,housing_spent_amount,housing_spent_count,loan,user_id
JAMES,18170,7781,9,2175,2,70,2,66,3,40,3,813,3,auto_loan,1
JOHN,98463,6737,8,2172,3,59,1,50,2,25,3,91,2,auto_loan,2
ROBERT,39367,7204,10,2145,2,24,1,54,1,13,3,132,1,auto_loan,3
MICHAEL,29972,4715,5,2470,2,98,3,23,3,35,1,783,3,auto_loan,4
MARY,22108,5575,7,2105,2,63,3,35,2,26,2,453,1,auto_loan,5
WILLIAM,99331,7030,9,2317,3,11,3,11,3,50,2,192,3,auto_loan,6
DAVID,58471,4697,7,2395,1,100,3,72,2,18,2,447,1,auto_loan,7
RICHARD,31566,4413,5,2371,1,15,1,91,3,25,2,565,2,auto_loan,8
CHARLES,93422,6473,7,2181,1,93,2,24,2,33,2,639,2,auto_loan,9
JOSEPH,18997,7549,6,2397,1,97,3,86,2,34,3,637,3,auto_loan,10
THOMAS,79215,7546,6,2352,1,11,2,43,3,33,2,602,2,auto_loan,11
PATRICIA,57331,5852,7,2323,2,72,3,76,3,11,3,317,3,auto_loan,12
CHRISTOPHER,31293,7469,7,2073,3,76,1,49,1,50,2,689,2,auto_loan,13
LINDA,72831,7830,9,2367,2,100,3,99,3,23,2,561,2,auto_loan,14
BARBARA,66817,4770,9,2387,3,97,1,73,2,28,2,350,1,auto_loan,15
DANIEL,94539,6645,10,2117,2,5,2,54,3,12,2,706,3,auto_loan,16
PAUL,66407,7215,5,2150,2,43,3,10,1,43,2,610,3,auto_loan,17
MARK,62523,4254,8,2098,1,25,1,99,2,46,1,913,3,auto_loan,18
ELIZABETH,83363,7193,10,2202,3,25,2,91,2,26,3,392,3,auto_loan,19
DONALD,31121,4644,7,2283,3,19,2,43,2,39,3,860,2,auto_loan,20
JENNIFER,56590,4560,10,2340,3,69,1,34,2,11,2,782,1,auto_loan,21
GEORGE,46259,7768,7,2052,3,84,1,12,1,17,2,948,3,auto_loan,22
MARIA,31948,4036,5,2022,2,50,1,98,3,28,3,910,2,auto_loan,23
KENNETH,87545,4929,7,2420,1,36,1,57,2,46,2,676,1,auto_loan,24
SUSAN,65094,7457,8,2427,2,52,3,33,2,41,3,717,2,auto_loan,25
STEVEN,33782,4770,10,2190,3,14,3,51,3,46,1,553,3,auto_loan,26
EDWARD,82384,6601,9,2177,3,19,3,26,2,38,1,421,1,auto_loan,27
MARGARET,20253,6901,6,2325,3,31,2,58,1,17,1,210,3,auto_loan,28
BRIAN,16626,6916,10,2205,3,30,1,32,3,27,1,749,2,auto_loan,29
RONALD,30719,5450,10,2125,2,24,2,37,3,46,3,56,1,auto_loan,30
DOROTHY,65889,4359,10,2495,3,58,1,84,3,35,2,377,3,auto_loan,31
ANTHONY,92101,5584,5,2058,3,79,1,51,1,23,2,986,2,auto_loan,32
LISA,83137,6011,5,2355,2,9,1,36,2,17,3,693,3,auto_loan,33
KEVIN,23240,4380,8,2339,2,10,3,37,2,35,3,559,3,auto_loan,34
NANCY,30219,7000,6,2100,1,47,3,21,2,42,3,626,2,auto_loan,35
KAREN,65820,5408,9,2425,1,25,2,41,2,26,1,21,3,auto_loan,36
BETTY,12442,5240,8,2077,3,73,2,65,1,27,2,122,1,auto_loan,37
HELEN,88483,7618,5,2406,1,81,1,13,1,19,2,450,3,auto_loan,38
JASON,78702,5710,9,2355,1,36,3,74,2,13,3,648,1,auto_loan,39
MATTHEW,77192,4899,9,2411,3,50,3,16,2,39,1,287,3,auto_loan,40
GARY,48825,5130,7,2248,1,60,2,11,2,14,2,422,3,auto_loan,41
TIMOTHY,38120,5383,7,2180,1,94,2,68,2,35,1,552,2,auto_loan,42
SANDRA,32369,7964,8,2388,2,13,2,18,3,48,1,999,3,auto_loan,43
JOSE,17702,7336,9,2466,2,86,2,28,1,20,3,666,1,auto_loan,44
LARRY,90378,5734,7,2388,1,68,3,81,1,26,2,305,1,auto_loan,45
JEFFREY,89594,5469,10,2060,3,46,1,39,2,43,1,998,1,auto_loan,46
FRANK,29532,5667,9,2124,1,92,3,77,1,27,3,87,2,auto_loan,47
DONNA,18267,4248,8,2173,3,25,1,69,3,13,2,731,1,auto_loan,48
CAROL,10944,4073,7,2478,1,90,2,28,2,20,1,681,1,auto_loan,49
RUTH,77968,4519,9,2227,2,16,3,73,2,45,1,711,2,auto_loan,50
SCOTT,44425,7243,7,2080,3,51,3,75,3,26,1,311,2,auto_loan,51
ERIC,53438,7003,9,2184,3,9,1,97,2,16,2,626,2,auto_loan,52
STEPHEN,99309,4366,6,2280,1,19,2,36,3,30,2,313,3,auto_loan,53
ANDREW,65052,4735,10,2275,3,54,2,98,2,13,3,960,3,auto_loan,54
SHARON,56739,7058,10,2276,1,6,1,53,2,36,2,574,1,auto_loan,55
MICHELLE,41656,4983,10,2291,1,62,2,44,2,45,1,960,1,auto_loan,56
LAURA,59589,4100,5,2113,3,42,1,56,1,19,2,765,3,auto_loan,57
SARAH,38408,4130,5,2394,2,36,3,38,2,12,2,38,3,auto_loan,58
KIMBERLY,82106,5253,6,2000,1,27,3,69,1,36,2,129,1,auto_loan,59
DEBORAH,38250,7846,8,2115,2,24,3,66,3,44,3,41,1,auto_loan,60
JESSICA,53898,6147,10,2122,3,48,3,46,3,26,3,367,2,auto_loan,61
RAYMOND,22777,6430,10,2119,1,69,2,69,1,42,1,517,2,auto_loan,62
SHIRLEY,82832,6830,10,2090,2,62,3,65,2,17,1,635,2,auto_loan,63
CYNTHIA,91763,6140,8,2231,3,66,2,19,2,21,3,79,2,auto_loan,64
ANGELA,61261,6436,7,2146,2,24,1,18,2,32,3,347,1,auto_loan,65
MELISSA,60839,7966,5,2464,2,84,3,40,3,46,1,618,2,auto_loan,66
BRENDA,14458,7690,5,2133,1,62,2,42,2,19,2,791,2,auto_loan,67
AMY,18370,7913,6,2319,1,24,1,61,2,32,3,284,2,auto_loan,68
JERRY,73508,4835,7,2399,2,97,3,68,1,14,2,636,2,auto_loan,69
GREGORY,64310,5955,9,2469,3,66,1,11,3,25,2,64,1,auto_loan,70
ANNA,80409,4404,5,2001,2,21,3,76,1,18,2,137,1,auto_loan,71
JOSHUA,58035,4786,8,2023,1,94,2,97,3,33,3,944,3,auto_loan,72
VIRGINIA,87124,7821,10,2326,1,86,2,90,1,22,2,164,1,auto_loan,73
REBECCA,35887,6383,10,2265,2,95,2,98,1,15,1,20,3,auto_loan,74
KATHLEEN,99455,5886,7,2408,3,50,2,71,2,27,2,751,1,auto_loan,75
DENNIS,77159,5135,6,2488,2,16,3,90,2,14,2,792,2,auto_loan,76
PAMELA,37713,7192,6,2207,1,28,1,68,1,22,2,723,3,auto_loan,77
MARTHA,51149,6244,7,2327,1,53,2,72,1,24,1,622,3,auto_loan,78
DEBRA,90029,4698,9,2002,3,62,3,17,1,42,3,96,3,auto_loan,79
AMANDA,83442,5306,9,2164,3,29,3,43,1,36,1,176,2,auto_loan,80
WALTER,21920,4732,7,2111,3,76,2,14,2,16,1,593,1,auto_loan,81
STEPHANIE,13054,5163,8,2372,3,19,1,44,1,34,2,869,3,auto_loan,82
WILLIE,38030,4066,10,2103,2,88,2,13,3,28,1,579,3,auto_loan,83
PATRICK,31807,6445,5,2457,3,69,3,85,2,18,3,182,2,auto_loan,84
TERRY,69350,4746,6,2092,1,63,1,53,1,15,3,3,3,auto_loan,85
CAROLYN,85927,4689,10,2363,1,32,3,15,1,18,2,294,2,auto_loan,86
PETER,65097,5484,7,2365,2,62,1,79,1,39,2,742,3,auto_loan,87
CHRISTINE,41587,4500,6,2289,1,44,1,83,2,44,3,134,1,auto_loan,88
MARIE,81759,6697,6,2119,3,42,1,62,2,11,2,327,2,auto_loan,89
JANET,75592,6306,6,2182,2,31,2,75,1,47,2,337,1,auto_loan,90
FRANCES,63342,4638,5,2230,2,80,1,58,2,15,1,816,2,auto_loan,91
CATHERINE,16122,6961,9,2233,1,84,2,26,1,37,1,303,2,auto_loan,92
HAROLD,56201,7252,8,2440,3,99,1,94,2,26,3,2,3,auto_loan,93
HENRY,82146,6971,7,2498,3,47,3,29,3,40,1,336,2,auto_loan,94
DOUGLAS,93732,6387,9,2163,3,22,1,91,3,16,3,472,1,auto_loan,95
JOYCE,64863,7719,9,2035,1,72,2,40,2,35,1,650,2,auto_loan,96
ANN,63814,4349,5,2490,2,5,3,58,1,49,1,60,2,auto_loan,97
DIANE,11870,4468,8,2069,2,47,2,75,2,13,2,305,3,auto_loan,98
ALICE,87247,5146,6,2225,3,81,2,54,3,26,3,733,3,auto_loan,99
JEAN,44308,7933,10,2211,3,38,1,15,1,15,2,776,3,auto_loan,100
JULIE,96268,5967,9,2157,3,12,3,96,1,16,2,245,3,auto_loan,101
CARL,86738,4525,7,2483,2,51,1,17,3,42,2,557,3,auto_loan,102
KELLY,61889,5931,7,2093,1,34,2,34,1,24,2,85,3,auto_loan,103
HEATHER,65951,6667,10,2252,3,74,2,64,1,50,1,169,2,auto_loan,104
ARTHUR,37441,4278,5,2415,1,54,2,85,1,37,3,813,2,auto_loan,105
TERESA,70319,6138,5,2307,2,79,2,31,1,19,3,854,2,auto_loan,106
GLORIA,36680,7841,9,2081,3,71,1,20,3,34,1,891,3,auto_loan,107
DORIS,60627,5410,10,2318,3,86,3,15,1,17,3,858,2,auto_loan,108
RYAN,94181,5183,9,2103,1,18,2,38,3,31,1,678,1,auto_loan,109
JOE,11857,4225,6,2316,1,88,1,17,3,42,1,29,1,auto_loan,110
ROGER,75886,7724,5,2225,3,99,3,48,1,49,3,890,2,auto_loan,111
EVELYN,84082,5908,9,2099,2,56,3,63,2,21,3,811,2,auto_loan,112
JUAN,45093,7758,9,2269,2,23,3,90,2,37,2,386,1,auto_loan,113
ASHLEY,66758,5215,5,2129,3,58,2,90,2,18,3,81,1,auto_loan,114
JACK,25597,5177,5,2349,3,51,2,25,1,21,1,471,3,auto_loan,115
CHERYL,85571,4639,9,2321,2,4,3,80,3,50,2,525,3,auto_loan,116
ALBERT,69810,5464,7,2300,1,49,1,74,2,16,3,353,1,auto_loan,117
JOAN,91606,4723,7,2093,1,33,2,39,3,31,2,77,1,auto_loan,118
MILDRED,84909,5785,7,2406,2,68,1,68,3,45,1,614,1,auto_loan,119
KATHERINE,45433,6729,7,2198,2,79,1,49,3,18,2,763,3,auto_loan,120
JUSTIN,39328,7187,6,2421,3,38,2,36,2,32,3,186,2,auto_loan,121
JONATHAN,64885,5356,5,2175,1,61,1,55,2,15,1,243,1,auto_loan,122
GERALD,53907,6980,7,2083,2,31,1,62,2,34,2,332,1,auto_loan,123
KEITH,27585,7485,5,2377,2,63,2,31,2,44,2,466,3,auto_loan,124
SAMUEL,74513,5361,8,2064,2,69,3,62,3,30,3,97,2,auto_loan,125
JUDITH,39827,7526,5,2460,2,91,3,100,1,28,2,859,1,auto_loan,126
ROSE,95069,6631,10,2499,2,72,2,74,2,37,3,545,2,auto_loan,127
JANICE,98478,7681,7,2401,1,7,2,39,3,39,2,555,2,auto_loan,128
LAWRENCE,43296,6807,9,2257,2,26,1,37,1,27,3,331,1,auto_loan,129
RALPH,64280,4665,8,2263,1,9,1,46,2,33,3,665,3,auto_loan,130
NICOLE,20289,6272,6,2398,1,69,1,23,1,34,3,353,2,auto_loan,131
JUDY,75141,5494,6,2441,2,36,1,66,1,35,3,817,3,auto_loan,132
NICHOLAS,65235,6833,7,2099,3,65,3,85,1,10,2,857,2,auto_loan,133
CHRISTINA,10958,5691,7,2438,1,82,3,83,1,33,3,345,2,auto_loan,134
ROY,69222,5978,6,2169,1,27,2,22,2,14,3,866,2,auto_loan,135
KATHY,81882,6042,9,2126,3,52,3,26,3,29,1,190,1,auto_loan,136
THERESA,33613,5675,5,2371,2,39,3,60,2,48,2,75,1,auto_loan,137
BENJAMIN,63825,5302,8,2237,2,49,3,73,1,30,2,927,3,auto_loan,138
BEVERLY,26573,6702,10,2287,1,30,2,39,1,27,1,680,2,auto_loan,139
DENISE,14114,5132,7,2427,1,80,1,63,3,41,3,224,2,auto_loan,140
BRUCE,33799,6024,5,2158,2,69,1,45,2,50,2,263,2,auto_loan,141
BRANDON,95046,6374,8,2254,1,40,2,72,1,40,2,623,2,auto_loan,142
ADAM,71434,4207,10,2270,3,90,1,25,3,13,3,281,1,auto_loan,143
TAMMY,80706,7507,10,2377,2,82,2,97,1,48,2,848,2,auto_loan,144
IRENE,42704,6458,6,2306,3,64,3,96,2,46,1,390,2,auto_loan,145
FRED,23489,5200,8,2005,2,46,2,29,1,48,1,196,1,auto_loan,146
BILLY,78288,7708,5,2146,3,40,2,48,3,48,1,795,2,auto_loan,147
HARRY,38229,5291,8,2420,3,3,2,37,1,40,3,525,3,auto_loan,148
JANE,32582,5073,10,2275,1,99,1,90,3,50,1,624,1,auto_loan,149
WAYNE,50212,6569,7,2153,3,23,3,40,1,36,2,452,3,auto_loan,150
LOUIS,14995,75,2,20,2,10,2,36,3,20,3,10556,5,home_loan,151
LORI,66702,79,1,21,1,5,2,83,3,42,1,8840,2,home_loan,152
STEVE,99425,57,1,20,1,47,1,64,3,24,1,13498,1,home_loan,153
TRACY,77620,56,2,24,3,99,3,71,3,37,2,9402,3,home_loan,154
JEREMY,89975,65,2,24,2,68,3,34,1,18,2,8801,2,home_loan,155
RACHEL,35769,78,3,23,2,100,1,77,1,50,2,12293,3,home_loan,156
ANDREA,36095,40,2,23,3,43,3,23,3,29,2,11995,3,home_loan,157
AARON,45653,72,1,22,1,67,2,26,2,19,2,11418,2,home_loan,158
MARILYN,57912,61,1,21,1,50,2,44,2,31,2,9921,3,home_loan,159
ROBIN,51933,58,3,25,3,62,2,76,1,16,1,8947,5,home_loan,160
RANDY,65203,79,1,25,1,22,3,93,1,12,1,10772,1,home_loan,161
LESLIE,59309,59,2,20,2,15,1,83,2,17,1,14908,5,home_loan,162
KATHRYN,82212,63,3,25,2,48,3,68,1,34,1,9987,1,home_loan,163
EUGENE,83540,42,2,22,3,49,3,87,2,13,2,9160,3,home_loan,164
BOBBY,66986,73,3,22,2,21,2,92,1,34,1,13977,4,home_loan,165
HOWARD,46466,68,3,23,1,99,2,84,2,13,3,12141,2,home_loan,166
CARLOS,75436,41,3,20,2,22,2,27,2,29,3,14723,5,home_loan,167
SARA,66569,79,2,20,1,11,2,100,1,21,2,13321,2,home_loan,168
LOUISE,16433,60,2,25,2,4,2,21,2,40,2,13968,4,home_loan,169
JACQUELINE,64029,71,2,24,2,80,3,43,3,34,3,14346,1,home_loan,170
ANNE,11518,58,2,20,2,85,2,43,3,27,3,14516,4,home_loan,171
WANDA,37721,48,1,21,2,62,2,97,3,49,3,11523,3,home_loan,172
RUSSELL,73717,46,2,21,3,45,2,64,3,48,2,10062,4,home_loan,173
SHAWN,98310,60,1,22,1,26,3,40,1,14,2,7606,4,home_loan,174
VICTOR,68325,68,1,20,2,62,3,75,1,46,3,7145,4,home_loan,175
JULIA,50889,42,3,24,1,23,3,95,3,36,1,9494,3,home_loan,176
BONNIE,85304,52,1,24,3,12,2,37,3,17,1,9808,2,home_loan,177
RUBY,84805,58,1,21,3,34,3,88,2,20,3,5779,2,home_loan,178
CHRIS,46753,47,2,22,3,87,2,62,1,39,2,9392,5,home_loan,179
TINA,37031,78,2,20,2,17,1,96,1,34,3,12668,1,home_loan,180
LOIS,74873,78,1,20,3,63,1,17,2,30,2,13614,1,home_loan,181
PHYLLIS,92216,70,3,23,2,18,2,75,3,33,1,5094,3,home_loan,182
JAMIE,23873,49,3,24,2,65,3,16,2,25,2,8968,1,home_loan,183
NORMA,98444,68,3,21,2,31,3,87,2,35,2,5800,5,home_loan,184
MARTIN,42093,44,2,20,3,72,3,39,3,35,1,5062,5,home_loan,185
PAULA,59741,41,3,21,1,68,1,58,2,43,2,5552,4,home_loan,186
JESSE,19855,62,3,22,2,100,3,51,1,20,3,12126,4,home_loan,187
DIANA,83724,52,3,20,2,29,3,14,2,15,2,12673,1,home_loan,188
ANNIE,22441,73,3,23,1,30,1,44,1,32,3,12873,5,home_loan,189
SHANNON,20933,74,3,25,2,83,3,96,3,31,1,6875,3,home_loan,190
ERNEST,69692,50,3,20,1,5,1,67,3,21,2,14837,5,home_loan,191
TODD,69837,51,1,21,1,27,1,36,2,21,3,6723,3,home_loan,192
PHILLIP,97550,50,2,22,1,36,3,82,1,17,3,12313,1,home_loan,193
LEE,82432,60,3,23,2,70,1,26,2,45,3,12752,1,home_loan,194
LILLIAN,52480,58,1,24,2,50,1,49,1,42,1,13379,5,home_loan,195
PEGGY,22255,59,1,24,2,53,2,99,1,14,2,9939,4,home_loan,196
EMILY,17968,65,3,24,2,31,3,46,1,18,3,12233,1,home_loan,197
CRYSTAL,78963,69,1,22,2,38,3,72,1,25,2,7630,5,home_loan,198
KIM,92920,65,2,22,1,29,1,23,1,42,1,11526,2,home_loan,199
CRAIG,31821,73,3,25,1,82,2,83,3,46,1,7364,1,home_loan,200
CARMEN,70196,54,3,23,1,4,1,71,3,25,2,9669,5,home_loan,201
GLADYS,74071,51,3,24,3,71,1,18,2,31,2,9007,2,home_loan,202
CONNIE,85291,51,2,20,2,62,2,85,2,39,1,8944,3,home_loan,203
RITA,14947,51,2,21,1,85,3,40,2,37,1,5772,3,home_loan,204
ALAN,51191,67,3,25,1,57,1,97,1,37,2,6672,5,home_loan,205
DAWN,34517,65,2,20,1,44,3,31,3,33,3,9437,2,home_loan,206
FLORENCE,17537,55,1,23,2,89,1,23,1,36,1,7412,3,home_loan,207
DALE,76114,75,3,22,2,8,3,84,1,46,3,11371,3,home_loan,208
SEAN,85706,48,2,22,3,25,2,18,3,35,3,10273,2,home_loan,209
FRANCIS,72617,64,1,20,3,59,3,81,3,17,2,8303,5,home_loan,210
JOHNNY,56621,50,1,20,3,13,2,83,3,38,2,13790,4,home_loan,211
CLARENCE,36948,69,3,22,2,51,3,22,3,34,1,13746,2,home_loan,212
PHILIP,82419,50,1,22,2,6,3,95,3,34,2,8621,5,home_loan,213
EDNA,56655,61,1,25,2,29,3,93,3,50,1,9156,5,home_loan,214
TIFFANY,75112,66,2,22,2,13,1,86,2,40,1,10009,4,home_loan,215
TONY,26182,77,3,25,2,76,2,48,2,33,1,13433,2,home_loan,216
ROSA,63960,58,2,23,1,20,2,32,2,44,1,14993,2,home_loan,217
JIMMY,54801,43,1,23,2,77,1,23,3,35,2,5528,5,home_loan,218
EARL,73850,55,3,25,1,60,3,25,3,19,2,9049,3,home_loan,219
CINDY,58287,61,3,24,3,23,3,70,1,14,2,5141,5,home_loan,220
ANTONIO,83388,76,2,23,2,55,3,18,1,47,3,13880,3,home_loan,221
LUIS,34733,55,2,23,3,28,2,72,1,21,1,8421,2,home_loan,222
MIKE,78127,70,1,24,3,25,2,39,1,13,3,9077,5,home_loan,223
DANNY,61995,69,1,22,3,99,1,99,2,11,2,10354,1,home_loan,224
BRYAN,41970,63,1,21,2,8,1,10,2,26,2,12728,2,home_loan,225
GRACE,10831,77,1,24,1,88,2,79,2,16,2,10345,1,home_loan,226
STANLEY,72160,68,2,23,1,47,1,38,2,26,3,10690,3,home_loan,227
LEONARD,68315,57,2,20,2,43,1,83,1,27,3,9707,3,home_loan,228
WENDY,79929,53,1,24,1,72,2,48,2,21,2,9198,2,home_loan,229
NATHAN,16954,64,2,23,1,71,2,73,2,15,3,13892,4,home_loan,230
MANUEL,67008,50,3,21,1,6,3,78,2,22,2,8315,4,home_loan,231
CURTIS,46576,80,2,22,2,46,1,86,1,13,3,13639,1,home_loan,232
VICTORIA,66900,63,2,21,1,92,1,39,2,36,2,11989,4,home_loan,233
RODNEY,30267,45,1,22,1,76,2,32,2,25,2,6066,3,home_loan,234
NORMAN,80842,43,1,20,3,88,3,25,1,31,2,7757,5,home_loan,235
EDITH,74173,73,1,25,2,54,3,10,3,17,1,8468,4,home_loan,236
SHERRY,59790,56,1,25,2,62,2,48,3,10,3,13802,5,home_loan,237
SYLVIA,47361,52,2,23,3,21,2,74,3,34,3,6001,2,home_loan,238
JOSEPHINE,17091,80,2,22,3,35,2,56,1,28,1,13078,4,home_loan,239
ALLEN,93582,68,3,22,2,48,1,16,1,12,1,11198,3,home_loan,240
THELMA,53317,59,1,20,3,54,1,48,2,40,3,12995,1,home_loan,241
SHEILA,28865,71,2,20,2,11,2,82,2,13,2,10519,1,home_loan,242
ETHEL,68286,62,2,25,2,55,2,39,1,40,3,9027,1,home_loan,243
MARJORIE,51747,56,2,23,1,76,1,51,2,41,2,12579,3,home_loan,244
LYNN,47295,46,1,23,3,37,2,46,1,43,1,6744,3,home_loan,245
ELLEN,55093,76,3,25,3,97,2,85,2,12,2,10596,1,home_loan,246
ELAINE,46138,66,2,25,2,23,1,30,1,17,2,9704,1,home_loan,247
MARVIN,82879,52,1,20,3,4,3,13,3,15,1,13514,5,home_loan,248
CARRIE,34644,42,3,23,2,77,3,60,2,21,1,9393,5,home_loan,249
MARION,58408,40,1,25,2,81,3,73,3,13,1,9159,2,home_loan,250
CHARLOTTE,56576,60,1,20,2,52,2,15,2,19,3,6486,1,home_loan,251
VINCENT,69032,71,3,21,1,66,3,90,3,17,1,14411,4,home_loan,252
GLENN,34086,67,3,22,3,8,1,10,1,47,2,14692,2,home_loan,253
TRAVIS,46571,57,1,25,2,29,3,45,3,30,3,12819,3,home_loan,254
MONICA,69013,54,3,20,1,39,3,15,1,38,3,11407,3,home_loan,255
JEFFERY,33432,60,2,25,2,80,1,57,2,21,1,7038,5,home_loan,256
JEFF,34865,42,1,22,3,69,1,58,3,32,2,6117,2,home_loan,257
ESTHER,31358,72,2,25,2,64,2,86,3,18,2,13758,3,home_loan,258
PAULINE,38421,69,1,24,1,41,2,40,1,49,1,10556,3,home_loan,259
JACOB,22191,59,3,22,1,75,1,87,1,41,3,8810,3,home_loan,260
EMMA,13458,64,1,23,3,30,3,92,3,34,3,11748,3,home_loan,261
CHAD,17290,80,1,22,3,94,3,14,2,48,2,8185,5,home_loan,262
KYLE,82775,70,3,20,2,99,3,22,2,48,2,6915,1,home_loan,263
JUANITA,12253,61,3,21,3,52,3,94,2,18,3,8215,5,home_loan,264
DANA,57062,68,2,24,2,33,1,68,2,18,1,14151,4,home_loan,265
MELVIN,24129,80,1,23,3,25,1,92,3,28,1,12050,4,home_loan,266
JESSIE,61195,78,3,21,2,71,1,24,1,49,2,10215,1,home_loan,267
RHONDA,98701,40,1,22,2,1,1,52,1,28,1,6967,5,home_loan,268
ANITA,66422,52,3,21,3,3,1,64,2,17,1,7238,2,home_loan,269
ALFRED,63308,76,2,20,3,66,2,61,1,20,2,13434,5,home_loan,270
HAZEL,17805,78,2,23,2,36,3,66,2,12,2,12531,1,home_loan,271
AMBER,33134,58,1,20,3,3,1,10,3,31,3,6123,5,home_loan,272
EVA,56622,67,3,21,2,14,3,41,3,39,3,11102,5,home_loan,273
BRADLEY,74239,69,2,21,3,75,2,41,1,21,2,8607,3,home_loan,274
RAY,80948,67,1,25,3,68,1,80,1,45,3,11087,5,home_loan,275
JESUS,42823,71,2,25,1,13,1,85,3,48,1,8214,3,home_loan,276
DEBBIE,88782,46,2,21,1,57,2,34,2,18,2,9083,2,home_loan,277
HERBERT,35181,42,1,20,1,86,3,13,3,12,1,7931,3,home_loan,278
EDDIE,90054,46,3,21,2,60,2,73,1,17,1,14689,5,home_loan,279
JOEL,17684,73,1,20,1,54,3,60,2,35,2,11237,1,home_loan,280
FREDERICK,13721,64,2,24,3,54,3,29,2,50,1,10521,3,home_loan,281
APRIL,66704,57,1,25,1,40,2,70,2,33,1,8157,2,home_loan,282
LUCILLE,83361,66,3,20,2,60,3,88,3,48,1,13204,1,home_loan,283
CLARA,71088,71,2,23,2,12,3,49,3,45,1,8637,3,home_loan,284
GAIL,79846,55,1,20,2,42,3,67,1,40,1,5400,3,home_loan,285
JOANNE,26865,42,1,22,1,9,3,69,1,44,3,14051,3,home_loan,286
ELEANOR,88217,79,2,25,1,85,2,15,1,11,1,14053,1,home_loan,287
VALERIE,77256,65,3,20,3,88,3,44,3,45,2,9164,1,home_loan,288
DANIELLE,41558,64,2,21,2,44,2,43,3,25,1,10361,1,home_loan,289
ERIN,56665,68,2,25,2,29,1,53,1,17,2,7356,2,home_loan,290
EDWIN,66298,41,2,25,3,27,3,34,1,31,1,6203,1,home_loan,291
MEGAN,89940,72,3,24,2,36,1,53,1,16,1,9933,3,home_loan,292
ALICIA,56299,69,1,20,3,62,1,33,3,41,2,7386,5,home_loan,293
SUZANNE,21827,66,2,20,3,19,3,94,3,39,3,14639,2,home_loan,294
MICHELE,65238,73,2,25,1,92,2,71,3,45,3,13711,4,home_loan,295
DON,27126,64,3,21,1,98,2,21,3,14,1,14899,3,home_loan,296
BERTHA,38214,76,3,20,1,18,2,48,1,18,3,13499,3,home_loan,297
VERONICA,31288,59,3,23,1,70,1,67,2,48,3,6933,4,home_loan,298
JILL,71398,49,3,21,3,70,2,69,2,47,1,10508,1,home_loan,299
DARLENE,71567,56,1,20,1,80,2,58,1,23,2,5486,5,home_loan,300
RICKY,66139,55,1,2485,9,1274,5,3008,8,23,3,127,3,credit_card,301
LAUREN,48686,59,2,2062,15,2950,6,3949,8,24,3,121,1,credit_card,302
GERALDINE,72999,56,1,2039,8,2555,5,3488,8,18,1,143,3,credit_card,303
TROY,89772,40,2,2371,6,2276,5,3140,5,46,3,118,3,credit_card,304
STACY,74165,61,2,2385,8,2843,5,3495,5,40,1,125,3,credit_card,305
RANDALL,22470,70,1,2242,12,1170,4,3846,4,21,2,108,2,credit_card,306
CATHY,71965,48,1,2074,7,1191,4,3304,7,19,1,140,2,credit_card,307
JOANN,74871,45,2,2239,12,1195,3,3234,5,18,1,127,3,credit_card,308
SALLY,79321,76,3,2042,7,1166,3,3132,6,28,3,141,1,credit_card,309
LORRAINE,92561,66,3,2458,9,1211,5,3238,7,39,3,88,1,credit_card,310
BARRY,14361,52,3,2231,11,2309,5,3799,7,50,2,94,3,credit_card,311
ALEXANDER,58757,56,2,2150,11,2755,3,3145,6,12,1,134,3,credit_card,312
REGINA,14626,57,3,2334,11,2228,6,3343,5,34,3,99,2,credit_card,313
JACKIE,48335,51,1,2018,7,2104,6,3632,7,10,2,85,3,credit_card,314
ERICA,18546,47,1,2350,15,2765,6,3903,8,46,1,95,1,credit_card,315
BEATRICE,47527,54,1,2440,14,2975,3,3353,5,16,3,111,3,credit_card,316
DOLORES,52408,52,3,2179,6,2154,6,3057,8,19,2,128,3,credit_card,317
BERNICE,37053,74,1,2411,7,1171,6,3969,8,38,2,59,1,credit_card,318
MARIO,63326,57,2,2422,11,1703,6,3811,7,27,1,55,1,credit_card,319
BERNARD,61320,78,3,2272,13,2209,4,3988,8,14,2,66,2,credit_card,320
AUDREY,51504,53,1,2051,6,2603,4,3081,4,39,2,76,3,credit_card,321
YVONNE,33892,43,1,2372,7,1095,4,3754,4,21,1,80,1,credit_card,322
FRANCISCO,34327,43,2,2065,7,2658,3,3526,8,37,1,103,2,credit_card,323
MICHEAL,81402,80,1,2111,8,1249,5,3645,7,26,3,89,1,credit_card,324
LEROY,96233,58,1,2496,10,2894,4,3016,7,49,1,60,1,credit_card,325
JUNE,57923,42,2,2460,13,2361,4,3708,5,21,2,107,2,credit_card,326
ANNETTE,47409,73,1,2378,14,2988,4,3403,7,38,2,112,3,credit_card,327
SAMANTHA,29945,43,1,2170,11,2278,3,3612,7,48,2,132,1,credit_card,328
MARCUS,82530,78,2,2467,15,1412,4,3758,5,50,3,146,3,credit_card,329
THEODORE,19438,52,1,2325,11,1620,3,3443,4,26,1,72,1,credit_card,330
OSCAR,89989,46,3,2041,11,1086,4,3504,6,33,2,146,2,credit_card,331
CLIFFORD,40951,77,1,2322,10,2816,5,3391,6,10,3,91,1,credit_card,332
MIGUEL,73464,67,2,2152,10,2140,6,3401,7,10,2,72,2,credit_card,333
JAY,49806,66,1,2010,14,1181,5,3981,4,29,3,85,2,credit_card,334
RENEE,71494,47,2,2150,13,2877,5,3450,6,27,1,150,2,credit_card,335
ANA,94405,42,3,2393,11,1508,3,3901,6,49,1,84,3,credit_card,336
VIVIAN,85809,63,2,2011,14,1756,4,3904,5,26,1,104,2,credit_card,337
JIM,30160,42,2,2281,10,2106,3,3296,6,39,3,107,3,credit_card,338
IDA,51669,71,2,2036,14,1269,5,3205,5,46,2,84,1,credit_card,339
TOM,89841,60,3,2333,9,1401,6,3410,7,14,2,66,1,credit_card,340
RONNIE,46881,60,2,2162,7,2595,6,3614,4,24,3,113,3,credit_card,341
ROBERTA,36502,64,2,2167,10,2175,6,3713,8,40,1,138,2,credit_card,342
HOLLY,85315,48,3,2032,15,1537,4,3451,8,20,1,90,2,credit_card,343
BRITTANY,51807,74,1,2436,7,1602,4,3866,6,28,1,105,2,credit_card,344
ANGEL,15023,59,1,2154,10,2104,3,3149,4,36,1,137,3,credit_card,345
ALEX,98570,73,1,2373,7,1037,5,3332,8,30,1,106,1,credit_card,346
MELANIE,62382,54,1,2149,9,2531,4,3192,5,43,2,95,1,credit_card,347
JON,74120,56,3,2152,13,2416,5,3526,6,24,1,149,1,credit_card,348
YOLANDA,22137,55,3,2156,15,1414,5,3392,7,27,1,67,1,credit_card,349
TOMMY,81992,60,2,2159,7,1207,6,3154,7,15,3,80,1,credit_card,350
LORETTA,29660,40,1,2485,12,1475,3,3171,6,19,1,89,1,credit_card,351
JEANETTE,52852,77,1,2340,7,1051,3,3890,6,10,3,146,3,credit_card,352
CALVIN,41351,77,3,2167,12,1674,6,3448,6,38,2,59,2,credit_card,353
LAURIE,92442,50,3,2328,7,1390,3,3544,8,10,2,129,3,credit_card,354
LEON,15679,52,2,2173,7,2953,4,3465,6,36,1,107,2,credit_card,355
KATIE,65893,44,3,2269,7,1617,4,3984,7,28,3,119,1,credit_card,356
STACEY,82276,59,2,2245,15,2221,5,3652,6,48,2,126,3,credit_card,357
LLOYD,61947,63,3,2281,6,1617,4,3571,7,34,1,125,2,credit_card,358
DEREK,85566,64,2,2404,10,1587,6,3227,6,42,3,114,1,credit_card,359
BILL,74696,52,3,2341,10,2731,3,3075,4,46,3,134,1,credit_card,360
VANESSA,52590,52,3,2107,12,2970,4,3561,6,41,3,100,1,credit_card,361
SUE,50694,40,1,2169,14,1285,3,3397,6,39,3,80,3,credit_card,362
KRISTEN,16789,41,3,2120,10,2565,5,3217,4,37,2,65,2,credit_card,363
ALMA,50707,48,3,2277,12,2999,3,3433,7,47,1,121,2,credit_card,364
WARREN,30048,54,3,2165,13,2860,3,3250,4,27,2,129,1,credit_card,365
ELSIE,75338,49,1,2389,9,2950,4,3523,7,31,1,71,3,credit_card,366
BETH,36748,70,2,2434,14,2942,6,3319,4,14,1,110,2,credit_card,367
VICKI,56798,40,3,2481,15,1774,5,3602,5,46,1,50,1,credit_card,368
JEANNE,43206,42,3,2190,10,1790,4,3444,4,25,3,138,3,credit_card,369
JEROME,45736,74,3,2039,8,2856,5,3252,4,27,2,87,1,credit_card,370
DARRELL,42946,52,1,2406,8,2635,3,3506,4,31,2,71,3,credit_card,371
TARA,90906,49,2,2418,7,2510,5,3004,6,33,1,103,3,credit_card,372
ROSEMARY,12459,70,3,2014,11,2806,3,3388,6,15,1,145,3,credit_card,373
LEO,20456,56,1,2113,8,1030,5,3379,7,35,3,134,3,credit_card,374
FLOYD,97813,45,1,2337,8,1745,6,3122,6,24,2,138,3,credit_card,375
DEAN,88579,63,1,2002,6,1857,3,3781,7,38,1,89,1,credit_card,376
CARLA,63232,58,1,2172,15,2282,5,3920,4,36,2,102,2,credit_card,377
WESLEY,56590,46,2,2064,6,2123,4,3927,8,44,3,67,1,credit_card,378
TERRI,11885,64,2,2214,11,2416,6,3134,7,25,3,75,3,credit_card,379
EILEEN,24833,58,3,2477,8,1629,3,3555,5,38,1,143,2,credit_card,380
COURTNEY,85456,66,1,2442,14,2501,6,3546,6,14,3,83,3,credit_card,381
ALVIN,77519,55,3,2251,9,2952,6,3837,6,37,1,50,1,credit_card,382
TIM,42386,60,3,2145,8,2152,6,3441,6,46,3,52,1,credit_card,383
JORGE,87257,75,3,2012,6,1781,4,3765,6,24,3,145,1,credit_card,384
GREG,42798,52,2,2093,15,1101,3,3443,4,20,1,143,1,credit_card,385
GORDON,78034,43,3,2098,8,2700,5,3294,6,42,1,74,2,credit_card,386
PEDRO,43924,43,2,2436,7,2847,5,3662,4,44,1,122,3,credit_card,387
LUCY,94651,59,2,2423,13,2040,5,3483,4,26,1,90,3,credit_card,388
GERTRUDE,94490,59,2,2452,7,1545,6,3634,7,35,1,58,3,credit_card,389
DUSTIN,95247,79,1,2012,11,1415,5,3876,6,10,2,87,2,credit_card,390
DERRICK,35709,68,3,2099,7,2078,3,3934,8,40,1,61,3,credit_card,391
COREY,23713,55,3,2358,11,1387,5,3888,7,47,1,97,2,credit_card,392
TONYA,33998,62,2,2400,10,1772,4,3716,7,50,1,129,2,credit_card,393
DAN,34530,41,2,2125,10,3000,5,3074,4,14,2,103,1,credit_card,394
ELLA,77544,58,2,2452,14,2062,4,3483,6,32,2,85,3,credit_card,395
LEWIS,93781,43,1,2206,7,1398,3,3274,4,38,2,67,1,credit_card,396
ZACHARY,63251,70,3,2418,15,1420,3,3590,6,30,1,107,1,credit_card,397
WILMA,82810,44,2,2281,15,2722,6,3442,4,16,3,130,2,credit_card,398
MAURICE,24520,55,3,2407,15,1067,3,3062,5,29,3,91,1,credit_card,399
KRISTIN,51541,77,3,2484,6,1180,3,3728,4,15,2,101,3,credit_card,400
GINA,87325,43,1,2414,13,2428,6,3578,8,41,2,88,1,credit_card,401
VERNON,72357,51,2,2190,8,1287,3,3446,8,15,1,56,2,credit_card,402
VERA,10888,50,3,2336,13,1921,6,3727,7,49,2,107,3,credit_card,403
ROBERTO,26866,56,2,2332,12,1474,4,3237,4,16,1,112,3,credit_card,404
NATALIE,69407,52,3,2126,10,1738,5,3923,4,23,2,140,1,credit_card,405
CLYDE,39142,58,3,2440,7,1341,4,3848,4,18,2,100,2,credit_card,406
AGNES,38383,50,1,2479,9,1974,6,3054,5,10,1,81,1,credit_card,407
HERMAN,70295,55,1,2301,7,2296,6,3240,4,22,2,78,3,credit_card,408
CHARLENE,45701,41,2,2412,9,2768,6,3264,5,16,3,111,3,credit_card,409
CHARLIE,46400,42,3,2016,8,1271,5,3852,8,36,2,89,3,credit_card,410
BESSIE,17405,66,2,2389,15,1547,3,3773,6,13,1,148,1,credit_card,411
SHANE,26215,43,3,2428,12,1710,6,3483,7,32,3,80,3,credit_card,412
DELORES,78589,54,2,2060,10,1469,6,3206,5,34,3,106,3,credit_card,413
SAM,48163,52,2,2434,11,1296,3,3934,7,39,3,115,1,credit_card,414
PEARL,10259,70,2,2349,11,2275,6,3599,5,19,1,123,2,credit_card,415
MELINDA,34011,70,1,2489,7,2341,5,3127,8,50,3,121,2,credit_card,416
HECTOR,52790,61,1,2298,9,1932,6,3662,4,39,2,91,1,credit_card,417
GLEN,55105,71,1,2212,12,1378,5,3871,4,32,1,142,3,credit_card,418
ARLENE,28853,40,1,2105,6,1908,6,3925,5,22,1,114,2,credit_card,419
RICARDO,48554,41,2,2056,13,2563,5,3912,4,47,3,126,1,credit_card,420
TAMARA,39047,77,3,2286,8,2441,5,3841,6,50,2,71,3,credit_card,421
MAUREEN,15949,63,1,2326,12,1607,4,3678,5,13,3,67,1,credit_card,422
LESTER,41130,76,1,2231,9,2279,6,3577,5,15,1,113,2,credit_card,423
GENE,58302,70,1,2277,7,2846,4,3320,8,46,1,90,1,credit_card,424
COLLEEN,16894,47,1,2400,7,1814,3,3308,8,45,3,89,2,credit_card,425
ALLISON,56832,70,2,2054,10,2090,6,3321,8,38,2,72,1,credit_card,426
TYLER,10915,42,3,2237,11,2572,5,3642,6,34,1,104,2,credit_card,427
RICK,74387,66,1,2343,10,2027,6,3456,5,25,3,108,3,credit_card,428
JOY,30022,42,3,2282,10,1739,6,3864,6,14,1,113,1,credit_card,429
JOHNNIE,83767,79,1,2144,9,2290,3,3288,4,21,1,104,1,credit_card,430
GEORGIA,72572,69,1,2228,12,1277,6,3917,5,19,3,117,2,credit_card,431
CONSTANCE,90919,63,3,2131,9,2767,4,3964,4,10,2,92,2,credit_card,432
RAMON,67369,55,3,2275,8,2213,4,3792,8,14,1,136,3,credit_card,433
MARCIA,38462,53,3,2292,11,1060,5,3046,7,34,1,119,1,credit_card,434
LILLIE,33588,50,3,2388,7,2846,4,3746,7,24,3,91,3,credit_card,435
CLAUDIA,25035,69,1,2500,8,1128,3,3341,4,22,2,125,1,credit_card,436
BRENT,94032,56,1,2012,15,1169,3,3686,7,24,3,135,2,credit_card,437
TANYA,13842,72,3,2126,14,1520,4,3353,5,42,3,58,3,credit_card,438
NELLIE,33413,71,3,2459,7,1284,4,3587,8,14,3,124,1,credit_card,439
MINNIE,76383,52,3,2425,11,1031,4,3119,6,46,3,83,2,credit_card,440
GILBERT,87680,71,2,2036,9,2841,6,3167,5,25,3,53,1,credit_card,441
MARLENE,28984,46,3,2420,15,2154,6,3141,7,32,2,86,2,credit_card,442
HEIDI,63363,73,3,2396,13,2846,5,3871,8,50,3,80,2,credit_card,443
GLENDA,14890,56,1,2159,9,1557,6,3611,8,48,3,67,3,credit_card,444
MARC,42044,58,2,2406,7,1532,4,3134,5,38,2,105,2,credit_card,445
VIOLA,11738,40,2,2352,13,2819,3,3079,8,14,2,132,3,credit_card,446
MARIAN,55028,66,1,2352,14,1499,4,3674,5,13,2,84,1,credit_card,447
LYDIA,51145,54,2,2449,15,1638,5,3699,8,15,1,145,3,credit_card,448
BILLIE,53210,55,2,2231,9,2235,6,3657,5,40,3,114,1,credit_card,449
STELLA,60371,54,3,2349,9,1619,4,3249,5,35,3,52,3,credit_card,450
GUADALUPE,55829,76,2,2022,7,1738,6,3412,5,14,2,87,3,credit_card,451
CAROLINE,78430,59,3,2002,6,1207,6,3159,5,18,2,57,3,credit_card,452
REGINALD,15378,46,1,2380,7,2456,4,3008,6,44,3,62,2,credit_card,453
DORA,66528,47,1,2102,15,2791,4,3302,8,29,1,89,2,credit_card,454
JO,84498,60,2,2234,9,1887,5,3825,6,25,1,124,1,credit_card,455
CECIL,97731,40,1,2269,15,1305,3,3588,5,42,1,54,2,credit_card,456
CASEY,38604,61,2,2302,7,2289,3,3411,6,18,2,58,3,credit_card,457
BRETT,40351,50,2,2012,8,1092,6,3787,5,15,2,75,1,credit_card,458
VICKIE,74204,80,2,2138,6,1954,4,3981,6,47,1,94,1,credit_card,459
RUBEN,44072,56,1,2228,7,2439,3,3738,6,23,2,84,1,credit_card,460
JAIME,80016,45,2,2025,9,1210,4,3050,4,38,3,111,2,credit_card,461
RAFAEL,34925,60,3,2337,7,2371,4,3672,8,31,3,115,3,credit_card,462
NATHANIEL,92976,66,2,2240,11,1854,5,3460,6,27,3,122,3,credit_card,463
MATTIE,93943,53,1,2314,13,1284,3,3817,6,30,3,139,2,credit_card,464
MILTON,69608,53,2,2455,12,1816,5,3251,4,40,1,110,3,credit_card,465
EDGAR,22439,72,3,2337,13,2826,3,3379,7,26,2,103,2,credit_card,466
RAUL,12604,56,3,2273,11,1509,5,3738,7,30,1,95,3,credit_card,467
MAXINE,56646,55,2,2110,11,1532,5,3236,8,17,3,147,2,credit_card,468
IRMA,81268,52,2,2307,15,1546,6,3261,4,47,3,136,1,credit_card,469
MYRTLE,22978,69,3,2358,12,1669,4,3980,7,18,2,108,2,credit_card,470
MARSHA,92382,44,2,2344,14,1229,6,3721,6,38,3,71,2,credit_card,471
MABEL,10256,47,3,2437,13,1043,5,3920,7,39,1,142,1,credit_card,472
CHESTER,32243,79,3,2333,9,1397,3,3114,6,12,1,135,2,credit_card,473
BEN,90368,49,3,2124,8,2015,5,3420,7,37,1,85,3,credit_card,474
ANDRE,60006,71,3,2009,10,1459,4,3940,8,11,1,121,1,credit_card,475
ADRIAN,46022,63,1,2138,6,1890,6,3878,7,21,2,100,3,credit_card,476
LENA,66359,61,3,2268,11,1018,6,3543,5,39,3,70,2,credit_card,477
FRANKLIN,79102,61,1,2163,7,2180,4,3057,8,36,1,111,1,credit_card,478
DUANE,92552,68,3,2117,13,2078,3,3955,4,20,2,107,1,credit_card,479
CHRISTY,10366,45,2,2143,11,1972,5,3204,5,20,2,77,1,credit_card,480
TRACEY,78406,50,1,2460,11,2546,5,3457,5,35,2,109,3,credit_card,481
PATSY,41595,57,3,2469,6,2544,3,3934,8,10,3,105,2,credit_card,482
GABRIEL,45661,58,2,2320,6,2350,3,3777,7,20,2,115,1,credit_card,483
DEANNA,85142,43,1,2113,15,2519,3,3382,6,33,3,112,2,credit_card,484
JIMMIE,91841,43,2,2420,12,2052,3,3993,4,15,3,71,2,credit_card,485
HILDA,60824,76,3,2000,12,1554,5,3675,8,25,2,58,3,credit_card,486
ELMER,28381,75,1,2123,11,1869,4,3542,5,49,3,101,1,credit_card,487
CHRISTIAN,90820,75,1,2144,12,2314,6,3254,8,37,1,82,3,credit_card,488
BOBBIE,10037,52,3,2485,12,2592,5,3762,7,26,1,134,2,credit_card,489
GWENDOLYN,50570,61,2,2123,11,2224,3,3850,8,32,1,53,3,credit_card,490
NORA,73723,59,3,2246,7,2612,6,3431,8,18,1,75,1,credit_card,491
MITCHELL,86541,48,1,2073,8,1917,4,3029,5,30,1,106,2,credit_card,492
JENNIE,50906,69,2,2256,9,1575,6,3674,5,33,3,62,3,credit_card,493
BRAD,21090,46,2,2071,10,2854,4,3295,7,31,1,109,2,credit_card,494
RON,25658,69,1,2047,9,2571,6,3372,5,22,3,118,2,credit_card,495
ROLAND,72377,65,2,2365,14,2343,6,3940,7,45,2,107,3,credit_card,496
NINA,44631,62,2,2224,12,1447,5,3338,5,16,2,129,1,credit_card,497
MARGIE,98931,60,1,2498,14,1579,5,3013,7,47,1,56,3,credit_card,498
LEAH,60497,44,3,2391,13,1198,5,3504,6,41,3,149,1,credit_card,499
HARVEY,66858,63,2,2447,7,1213,6,3199,4,20,1,136,2,credit_card,500
CORY,67581,56,1,197,2,20,1,37,1,14,1,80,1,savings,501
CASSANDRA,28541,61,3,153,2,29,2,39,2,33,2,83,2,savings,502
ARNOLD,43204,46,3,186,2,26,1,35,3,44,2,104,2,savings,503
PRISCILLA,15003,68,1,119,2,11,2,31,3,44,2,61,3,savings,504
PENNY,60420,71,3,126,1,10,3,36,3,14,1,112,3,savings,505
NAOMI,56767,52,1,69,2,18,2,31,3,31,2,121,3,savings,506
KAY,28953,66,3,231,2,13,1,31,1,26,3,65,1,savings,507
KARL,61986,60,2,71,1,11,1,31,3,21,2,73,1,savings,508
JARED,69465,43,3,180,1,18,1,31,1,12,1,120,1,savings,509
CAROLE,28284,76,2,228,1,16,2,34,3,11,1,87,2,savings,510
OLGA,39056,52,2,45,2,23,1,38,2,19,2,101,1,savings,511
JAN,23635,52,1,236,2,17,1,31,3,43,3,122,1,savings,512
BRANDY,48367,65,2,189,2,29,1,35,1,36,3,68,2,savings,513
LONNIE,69148,74,2,169,2,26,1,35,3,35,1,126,2,savings,514
LEONA,91035,46,3,49,1,17,1,33,2,46,1,134,2,savings,515
DIANNE,37418,55,2,58,3,20,1,35,2,17,1,138,1,savings,516
CLAUDE,50011,63,2,77,1,17,2,34,3,42,2,73,2,savings,517
SONIA,94925,77,1,221,1,10,1,38,1,38,1,115,1,savings,518
JORDAN,24291,76,2,148,1,27,1,35,1,22,1,74,3,savings,519
JENNY,15777,43,2,198,1,24,1,37,2,37,2,70,2,savings,520
FELICIA,21945,51,1,145,3,29,1,39,1,37,1,62,1,savings,521
ERIK,15872,60,3,79,3,28,2,36,1,11,1,80,3,savings,522
LINDSEY,15227,51,1,79,2,13,1,33,1,31,1,58,2,savings,523
KERRY,18631,50,3,180,3,18,2,36,3,19,2,89,2,savings,524
DARRYL,49787,51,3,128,3,24,3,38,1,29,2,64,1,savings,525
VELMA,63321,56,3,83,1,22,2,31,3,24,2,82,1,savings,526
NEIL,98412,54,2,217,2,18,2,38,3,12,3,73,2,savings,527
MIRIAM,55874,68,2,202,3,14,3,36,3,44,1,121,2,savings,528
BECKY,99331,78,2,98,2,21,3,32,1,29,3,148,1,savings,529
VIOLET,24461,59,3,218,1,13,1,32,1,27,2,96,3,savings,530
KRISTINA,14861,42,2,31,3,14,3,32,1,10,3,71,1,savings,531
JAVIER,42222,54,2,213,1,14,1,38,1,35,1,64,3,savings,532
FERNANDO,93561,60,1,228,1,30,1,35,2,24,1,96,3,savings,533
CODY,72697,80,1,172,3,15,3,36,2,45,1,61,2,savings,534
CLINTON,56570,53,1,159,1,19,2,33,3,37,1,71,2,savings,535
TYRONE,52569,55,3,199,3,27,2,38,2,37,1,77,1,savings,536
TONI,52565,63,3,196,2,18,1,33,2,12,2,100,1,savings,537
TED,85955,58,1,118,1,23,2,34,2,29,2,143,2,savings,538
RENE,41246,76,2,47,2,24,3,31,3,35,2,133,3,savings,539
MATHEW,42046,78,1,152,3,27,3,40,3,12,2,50,3,savings,540
LINDSAY,77673,66,3,184,1,13,2,39,3,43,3,93,2,savings,541
JULIO,51651,60,2,111,3,27,3,33,1,10,1,141,1,savings,542
DARREN,55300,73,1,203,2,13,2,37,2,35,2,68,1,savings,543
MISTY,57357,70,2,100,3,11,3,31,3,48,3,70,1,savings,544
MAE,57156,49,1,137,1,14,2,35,2,19,2,142,1,savings,545
LANCE,63150,77,1,31,1,19,2,40,3,43,2,72,1,savings,546
SHERRI,28359,42,3,227,2,15,1,33,2,23,2,76,3,savings,547
SHELLY,15860,75,1,133,1,13,3,33,2,14,1,76,1,savings,548
SANDY,88367,62,1,52,2,26,2,35,2,16,3,62,2,savings,549
RAMONA,88438,51,3,91,1,19,1,35,1,27,1,78,1,savings,550
PAT,73930,69,2,214,1,12,2,36,1,37,3,106,2,savings,551
KURT,64040,43,2,22,1,17,2,32,2,44,1,124,2,savings,552
JODY,95857,72,1,126,2,24,2,33,1,41,1,120,2,savings,553
DAISY,47649,44,1,80,2,17,2,38,1,29,2,74,1,savings,554
NELSON,14045,54,1,67,1,15,1,33,1,28,1,145,1,savings,555
KATRINA,16145,63,2,143,3,12,3,33,3,21,1,142,3,savings,556
ERIKA,57339,40,1,233,3,23,2,40,2,36,1,147,1,savings,557
CLAIRE,40251,54,3,112,2,17,2,32,3,29,3,98,1,savings,558
ALLAN,41548,78,3,209,1,19,3,34,1,49,2,131,3,savings,559
HUGH,92706,61,2,86,2,17,2,33,2,37,3,77,2,savings,560
GUY,32926,77,1,141,1,23,3,34,3,43,1,60,1,savings,561
CLAYTON,99840,73,2,81,2,28,1,35,3,49,2,130,1,savings,562
SHERYL,79518,77,1,51,3,12,3,35,3,16,2,125,1,savings,563
MAX,39851,40,1,84,3,22,3,30,3,20,1,92,1,savings,564
MARGARITA,58655,77,2,240,1,13,3,36,2,39,3,64,3,savings,565
GENEVA,34673,74,3,24,3,22,3,38,3,48,2,99,1,savings,566
DWAYNE,79912,50,1,46,3,29,1,39,3,46,1,67,3,savings,567
BELINDA,40147,53,3,227,1,22,1,37,1,22,2,53,1,savings,568
FELIX,78817,43,1,189,1,25,3,33,1,46,1,112,3,savings,569
FAYE,35917,69,2,40,3,25,3,32,1,41,3,91,1,savings,570
DWIGHT,33189,65,1,85,1,13,1,33,1,38,2,63,1,savings,571
CORA,42319,51,1,68,3,16,1,35,2,16,2,57,1,savings,572
ARMANDO,84774,72,3,176,3,23,2,35,3,45,3,147,1,savings,573
SABRINA,62702,50,1,193,1,27,2,37,1,26,1,101,3,savings,574
NATASHA,85495,50,3,185,3,10,2,33,3,12,1,76,2,savings,575
ISABEL,44758,79,1,217,2,19,3,34,2,27,3,139,2,savings,576
EVERETT,48351,71,1,92,3,15,2,33,3,26,1,72,2,savings,577
ADA,39182,46,2,177,2,21,3,40,1,45,1,137,3,savings,578
WALLACE,59270,48,3,164,2,25,2,40,1,30,1,79,3,savings,579
SIDNEY,75013,53,3,116,1,28,3,34,3,47,3,125,2,savings,580
MARGUERITE,54355,45,2,147,2,20,2,37,3,35,3,127,3,savings,581
IAN,33127,63,1,76,2,26,2,37,3,30,1,70,3,savings,582
HATTIE,98999,52,1,215,2,20,3,40,3,21,2,78,1,savings,583
HARRIET,43463,68,2,221,1,19,1,32,1,28,2,118,2,savings,584
ROSIE,57878,64,2,110,1,21,2,32,3,25,3,148,2,savings,585
MOLLY,10715,70,3,75,3,28,1,37,1,49,2,119,3,savings,586
KRISTI,91462,46,3,65,1,11,2,34,2,49,3,83,2,savings,587
KEN,69721,46,3,124,2,23,2,33,2,23,1,139,2,savings,588
JOANNA,48262,55,1,161,2,21,1,38,3,15,2,102,1,savings,589
IRIS,27703,56,3,151,1,17,3,40,3,31,1,60,2,savings,590
CECILIA,94315,80,3,244,1,13,3,34,2,36,2,115,3,savings,591
BRANDI,44800,64,3,61,3,27,2,32,1,34,1,146,3,savings,592
BOB,83604,53,2,175,3,26,2,38,3,27,1,102,2,savings,593
BLANCHE,13607,43,1,130,2,20,3,37,3,24,2,83,3,savings,594
JULIAN,28989,66,2,82,3,13,2,33,3,15,1,106,2,savings,595
EUNICE,68851,75,1,39,1,17,3,38,3,15,2,52,3,savings,596
ANGIE,82074,54,3,78,3,23,2,32,1,21,1,80,3,savings,597
ALFREDO,96089,68,3,36,2,29,1,36,3,10,1,70,1,savings,598
LYNDA,50891,53,2,73,2,16,3,37,2,14,3,62,1,savings,599
IVAN,61576,72,3,130,1,18,1,38,3,22,2,99,3,savings,600
INEZ,31070,73,2,87,1,28,3,38,1,13435,6,135,3,insurance,601
FREDDIE,34024,65,1,80,3,12,3,31,1,8752,13,75,2,insurance,602
DAVE,47100,61,1,200,1,15,2,38,2,5595,9,126,1,insurance,603
ALBERTO,66660,40,1,62,1,12,3,35,2,12162,6,96,3,insurance,604
MADELINE,87226,45,2,247,2,19,2,32,1,5899,9,119,1,insurance,605
DARYL,73224,65,1,128,1,28,3,31,2,5603,8,56,2,insurance,606
BYRON,85531,69,2,118,2,21,1,39,1,11776,7,72,1,insurance,607
AMELIA,43948,46,3,122,3,15,2,36,2,16543,11,121,2,insurance,608
ALBERTA,76024,79,2,88,3,20,3,40,1,11520,10,122,2,insurance,609
SONYA,59853,63,2,129,1,18,3,37,1,17663,14,141,1,insurance,610
PERRY,82200,77,1,20,3,24,1,35,1,12571,15,123,3,insurance,611
MORRIS,28007,56,1,247,2,29,3,34,3,5059,5,145,3,insurance,612
MONIQUE,20115,54,2,33,3,14,2,32,1,11052,5,102,3,insurance,613
MAGGIE,53113,60,1,188,3,17,2,33,2,11023,5,117,3,insurance,614
KRISTINE,37326,77,1,222,1,30,2,32,2,17855,10,115,3,insurance,615
KAYLA,70531,50,3,48,2,12,2,30,1,17524,6,115,2,insurance,616
JODI,88989,74,2,187,3,11,3,38,3,5409,7,142,2,insurance,617
JANIE,34249,76,3,43,3,23,1,38,1,8114,13,122,2,insurance,618
ISAAC,50621,49,3,218,1,27,2,40,2,15535,14,100,3,insurance,619
GENEVIEVE,10292,60,2,112,1,17,3,33,3,15262,11,65,3,insurance,620
CANDACE,65822,71,1,124,2,10,2,37,3,13637,7,95,1,insurance,621
YVETTE,18889,47,3,52,3,11,1,30,3,14623,15,115,1,insurance,622
WILLARD,84837,80,2,239,1,18,1,37,2,8021,12,119,2,insurance,623
WHITNEY,77053,43,2,35,2,16,3,38,2,17313,12,111,1,insurance,624
VIRGIL,70615,72,2,187,1,12,2,40,2,15302,6,70,2,insurance,625
ROSS,58795,55,1,96,3,28,1,36,3,7987,12,54,1,insurance,626
OPAL,38128,68,3,198,3,17,2,39,1,11938,8,115,3,insurance,627
MELODY,81650,79,3,97,1,17,3,39,1,14716,8,124,2,insurance,628
MARYANN,59517,75,3,88,2,18,1,38,3,10991,12,148,2,insurance,629
MARSHALL,22270,49,2,40,3,10,2,32,3,9508,5,119,1,insurance,630
FANNIE,78521,46,3,175,2,19,3,37,3,5163,12,94,1,insurance,631
CLIFTON,33337,54,3,82,3,10,2,36,3,13108,9,131,2,insurance,632
ALISON,63367,43,1,247,2,22,3,33,3,17373,11,72,2,insurance,633
SUSIE,19595,74,2,231,1,20,2,39,2,17378,11,77,2,insurance,634
SHELLEY,12929,56,3,94,3,24,1,37,3,14068,11,101,1,insurance,635
SERGIO,39121,49,3,170,2,26,2,30,1,11525,10,118,1,insurance,636
SALVADOR,91623,71,1,157,1,22,1,38,1,6086,9,144,1,insurance,637
OLIVIA,41225,43,1,27,3,17,3,36,1,13968,13,105,2,insurance,638
LUZ,95468,71,2,84,1,30,2,38,3,14681,12,53,2,insurance,639
KIRK,29814,67,3,250,1,21,1,30,3,9619,7,53,3,insurance,640
FLORA,13654,69,1,162,1,20,2,37,1,9471,14,73,1,insurance,641
ANDY,58256,61,3,131,3,25,1,33,3,12910,12,81,1,insurance,642
VERNA,36489,67,1,24,2,11,3,37,1,13039,13,59,2,insurance,643
TERRANCE,11925,74,3,55,1,22,1,40,2,14405,6,127,3,insurance,644
SETH,30479,46,3,24,3,25,2,36,3,11254,14,129,1,insurance,645
MAMIE,80292,46,1,248,1,29,3,31,1,9970,11,92,2,insurance,646
LULA,99349,54,1,227,2,13,3,34,3,14572,11,85,1,insurance,647
LOLA,57413,44,3,245,1,23,3,35,1,17987,13,100,3,insurance,648
KRISTY,70655,47,2,148,3,20,3,36,3,14201,8,109,1,insurance,649
KENT,22554,62,2,120,1,30,1,33,1,12890,5,114,1,insurance,650
BEULAH,52017,50,2,72,2,25,1,31,1,5119,11,130,2,insurance,651
ANTOINETTE,41476,78,2,41,3,15,3,32,1,11929,5,111,1,insurance,652
TERRENCE,23765,67,1,202,2,16,2,35,3,8887,6,79,1,insurance,653
GAYLE,52199,74,2,21,1,29,2,38,1,13603,11,133,3,insurance,654
EDUARDO,44489,46,1,239,1,27,1,39,3,15971,6,109,2,insurance,655
PAM,51867,43,1,149,3,13,1,36,2,6658,15,87,1,insurance,656
KELLI,14777,44,1,29,2,24,1,30,2,7990,12,84,3,insurance,657
JUANA,28130,78,3,35,1,11,2,40,2,15067,9,62,3,insurance,658
JOEY,24147,55,3,227,1,27,2,39,2,11065,14,129,3,insurance,659
JEANNETTE,38187,76,1,224,3,26,1,33,3,11766,14,148,1,insurance,660
ENRIQUE,74530,71,3,112,3,19,1,32,3,6509,11,149,3,insurance,661
DONNIE,99991,60,2,161,3,11,3,33,2,5624,14,140,1,insurance,662
CANDICE,34038,66,3,218,3,22,1,38,3,8519,10,128,3,insurance,663
WADE,26975,66,1,243,2,27,1,31,2,5746,9,102,3,insurance,664
HANNAH,24614,65,1,236,3,10,1,35,1,17236,11,128,2,insurance,665
FRANKIE,51410,79,2,47,1,12,1,35,1,16316,7,94,1,insurance,666
BRIDGET,34245,78,1,145,2,15,1,35,3,9347,11,122,1,insurance,667
AUSTIN,41375,79,3,64,1,12,2,39,3,13761,5,54,2,insurance,668
STUART,19996,68,2,31,2,10,3,30,3,14685,11,75,3,insurance,669
KARLA,59722,57,2,190,1,10,3,35,3,8228,11,146,3,insurance,670
EVAN,23281,70,2,199,1,17,3,37,3,13245,5,101,3,insurance,671
CELIA,49244,59,2,220,1,27,1,39,1,17348,9,73,1,insurance,672
VICKY,99355,63,3,156,1,25,1,38,1,8184,5,111,2,insurance,673
SHELIA,59516,52,3,117,1,24,3,30,3,6667,15,59,2,insurance,674
PATTY,26218,57,3,196,2,18,3,36,2,11538,12,86,2,insurance,675
NICK,23080,52,2,184,3,14,3,31,2,12967,8,81,3,insurance,676
LYNNE,92696,58,1,127,1,29,3,35,2,15615,14,104,2,insurance,677
LUTHER,35727,46,2,62,3,30,1,35,1,9161,6,66,1,insurance,678
LATOYA,35571,62,1,103,1,13,1,36,2,11835,6,112,1,insurance,679
FREDRICK,39125,43,3,164,1,11,1,38,2,9593,14,81,3,insurance,680
DELLA,74307,59,1,41,3,24,2,38,3,8970,14,116,1,insurance,681
ARTURO,61649,66,2,90,1,18,1,36,2,12706,9,94,2,insurance,682
ALEJANDRO,21198,66,2,191,2,29,3,33,3,7059,13,60,2,insurance,683
WENDELL,93952,70,3,68,1,26,3,32,3,12569,9,142,1,insurance,684
SHERI,37221,49,3,74,2,23,3,37,1,8011,6,96,3,insurance,685
MARIANNE,27175,59,2,110,2,26,2,34,2,7901,6,133,2,insurance,686
JULIUS,54656,56,2,225,2,17,2,39,3,11242,13,61,1,insurance,687
JEREMIAH,32726,54,3,38,3,29,2,40,1,6698,6,66,1,insurance,688
SHAUN,90965,49,2,63,3,23,2,34,2,6195,15,134,2,insurance,689
OTIS,24850,53,1,42,2,25,1,40,2,17146,6,146,2,insurance,690
KARA,72201,49,1,238,1,15,2,37,3,12247,6,125,1,insurance,691
JACQUELYN,53225,78,3,238,1,14,1,39,2,13899,9,55,1,insurance,692
ERMA,78353,48,3,64,3,28,1,34,3,12329,7,140,1,insurance,693
BLANCA,99910,59,1,138,1,28,2,39,3,16895,5,129,3,insurance,694
ANGELO,64273,48,3,29,1,25,2,32,1,9060,12,72,1,insurance,695
ALEXIS,75103,74,3,175,3,23,1,38,2,5258,11,83,2,insurance,696
TREVOR,28396,69,3,128,2,20,2,38,3,8193,15,50,1,insurance,697
ROXANNE,91802,46,3,162,2,16,2,31,2,10997,6,145,1,insurance,698
OLIVER,11066,69,3,229,3,21,2,39,2,5008,6,130,2,insurance,699
MYRA,49429,40,2,95,3,27,2,34,2,16150,8,135,1,insurance,700
MORGAN,73820,60,2,59,3,14,2,40,3,12782,10,55,2,insurance,701
LUKE,55833,63,3,47,3,12,1,38,3,12421,15,64,2,insurance,702
LETICIA,14267,43,3,147,1,25,1,32,2,15052,5,76,1,insurance,703
KRISTA,91019,55,1,33,2,21,2,32,2,11737,15,134,3,insurance,704
HOMER,69643,47,3,86,3,14,1,32,1,9568,13,113,3,insurance,705
GERARD,72867,45,3,205,3,28,1,39,3,15699,12,63,3,insurance,706
DOUG,85318,57,3,82,2,27,2,30,2,7021,11,108,2,insurance,707
CAMERON,44579,71,3,160,3,23,2,40,2,14195,12,117,1,insurance,708
SADIE,15990,71,1,192,1,12,3,33,2,14146,7,54,3,insurance,709
ROSALIE,76182,74,1,229,3,17,3,34,3,9714,7,98,3,insurance,710
ROBYN,93044,77,1,64,3,27,1,31,3,13842,8,130,1,insurance,711
KENNY,72673,40,3,31,3,11,3,36,1,7170,15,143,2,insurance,712
IRA,70652,55,1,105,1,24,2,40,2,13450,15,148,2,insurance,713
HUBERT,73225,69,1,152,1,10,2,31,2,8119,6,132,3,insurance,714
BROOKE,29952,61,2,203,1,29,2,35,3,16804,13,81,1,insurance,715
BETHANY,11252,55,1,67,1,24,2,37,1,12430,11,131,2,insurance,716
BERNADETTE,17495,62,2,176,3,30,1,35,3,5355,8,102,3,insurance,717
BENNIE,99353,78,3,222,1,13,1,32,1,15434,14,121,2,insurance,718
ANTONIA,38052,49,3,45,1,30,2,40,1,17213,5,61,1,insurance,719
ANGELICA,36960,49,1,212,3,13,3,30,3,10234,10,50,3,insurance,720
ALEXANDRA,94042,55,3,100,1,16,3,33,2,6340,7,80,1,insurance,721
ADRIENNE,61402,78,3,63,1,11,1,34,2,14227,7,87,1,insurance,722
TRACI,31199,44,3,60,1,16,2,38,1,11720,9,92,1,insurance,723
RACHAEL,59989,49,3,161,1,23,1,37,1,14078,5,103,3,insurance,724
NICHOLE,54903,67,2,89,3,19,2,38,1,17175,8,92,3,insurance,725
MURIEL,60475,75,1,183,2,13,1,40,1,13255,15,84,3,insurance,726
MATT,37286,69,2,23,1,19,1,34,2,16437,15,146,1,insurance,727
MABLE,88701,74,1,26,2,25,2,39,2,6971,8,149,1,insurance,728
LYLE,11801,64,1,97,1,20,3,39,1,14660,12,62,1,insurance,729
LAVERNE,96596,62,1,171,2,16,1,30,2,14293,14,62,1,insurance,730
KENDRA,32777,47,3,81,3,29,1,32,3,10104,7,144,3,insurance,731
JASMINE,14757,47,1,214,1,19,3,33,3,15659,15,79,2,insurance,732
ERNESTINE,81276,65,3,136,1,25,3,36,2,9877,7,145,2,insurance,733
CHELSEA,79234,79,3,92,1,17,3,35,3,7170,6,85,3,insurance,734
ALFONSO,82418,46,2,128,3,25,1,33,3,9048,12,88,1,insurance,735
REX,80081,44,3,108,3,27,2,32,3,7148,11,71,1,insurance,736
ORLANDO,98391,74,1,166,3,20,2,34,2,9489,14,117,3,insurance,737
OLLIE,13601,67,1,131,3,11,2,34,1,6991,11,140,2,insurance,738
NEAL,16647,67,3,240,2,12,3,34,1,17554,5,94,3,insurance,739
MARCELLA,53414,59,1,139,1,15,2,31,1,5638,9,100,1,insurance,740
LOREN,77955,48,2,228,2,13,3,33,2,6754,6,123,1,insurance,741
KRYSTAL,28216,65,1,128,2,19,1,32,3,17535,6,65,2,insurance,742
ERNESTO,38207,51,3,127,1,29,2,30,2,15699,14,98,1,insurance,743
ELENA,86714,71,3,153,3,13,3,32,1,14837,14,138,1,insurance,744
CARLTON,15526,48,3,200,3,22,3,33,3,17911,7,143,2,insurance,745
BLAKE,12358,49,1,53,1,30,2,34,2,9454,13,92,2,insurance,746
ANGELINA,32087,65,1,186,3,10,3,36,2,13664,6,62,1,insurance,747
WILBUR,95247,66,3,69,1,21,1,38,1,5372,12,101,3,insurance,748
TAYLOR,81798,69,3,215,2,11,3,34,2,10307,11,107,2,insurance,749
SHELBY,38658,50,2,149,3,28,2,40,3,13079,15,99,3,insurance,750
RUDY,79882,2837,7,2491,12,2217,7,3386,9,1371,8,1473,14,personal_loan,751
RODERICK,33337,793,7,1980,8,2921,7,3071,9,1297,7,835,16,personal_loan,752
PAULETTE,68583,6253,5,1610,12,2735,7,3912,6,868,9,1397,13,personal_loan,753
PABLO,38684,4234,8,1165,8,2245,7,3605,5,713,5,674,17,personal_loan,754
OMAR,64783,4107,5,2322,11,2531,6,3820,9,769,8,1195,9,personal_loan,755
NOEL,98543,2845,6,2452,10,2900,8,3302,5,1686,5,1145,18,personal_loan,756
NADINE,34302,6221,6,643,10,1942,7,3426,9,1306,5,940,10,personal_loan,757
LORENZO,36509,1383,4,2081,9,2486,7,3194,7,658,9,1334,13,personal_loan,758
LORA,82000,7671,5,1349,6,1049,7,3861,7,682,7,937,14,personal_loan,759
LEIGH,62991,3624,9,1809,10,2539,7,3678,5,605,9,928,16,personal_loan,760
KARI,71018,7798,5,1717,11,2268,8,3275,7,817,8,984,12,personal_loan,761
HORACE,88623,6440,9,909,6,1110,8,3769,6,820,9,922,18,personal_loan,762
GRANT,70026,4120,5,520,10,2860,7,3581,4,849,7,674,12,personal_loan,763
ESTELLE,83908,6359,5,2324,12,2646,7,3643,4,541,7,837,15,personal_loan,764
DIANNA,32367,6805,9,1474,8,2357,7,3101,8,760,6,614,14,personal_loan,765
WILLIS,68671,4466,9,876,6,2911,6,3825,6,539,6,629,16,personal_loan,766
ROSEMARIE,77627,5741,4,1248,8,2320,6,3059,7,875,7,1088,17,personal_loan,767
RICKEY,99612,4192,4,215,11,2774,8,3206,6,1505,6,830,12,personal_loan,768
MONA,38258,861,5,1080,8,1816,8,3881,6,542,7,586,16,personal_loan,769
KELLEY,38159,4959,9,1014,9,1855,6,3456,4,885,5,1086,10,personal_loan,770
DOREEN,66521,6320,5,719,8,1626,8,3900,6,712,6,1094,11,personal_loan,771
DESIREE,45008,4442,7,430,9,1218,6,3624,7,1507,9,594,15,personal_loan,772
ABRAHAM,42656,4091,7,1212,8,2596,7,3493,7,1449,5,996,10,personal_loan,773
RUDOLPH,66231,2562,9,1176,12,2787,8,3136,6,1424,9,517,9,personal_loan,774
PRESTON,33316,7815,8,1725,6,2324,8,3425,7,1634,7,930,8,personal_loan,775
MALCOLM,86766,1911,6,1037,7,2739,7,3520,6,1507,8,1400,9,personal_loan,776
KELVIN,30426,3110,5,203,11,2523,6,3584,7,1204,7,909,8,personal_loan,777
JOHNATHAN,53429,4657,10,2197,11,1092,7,3248,8,545,8,962,18,personal_loan,778
JANIS,64446,2837,4,377,12,1518,6,3147,9,1209,7,666,9,personal_loan,779
HOPE,64491,2321,6,797,6,2868,6,3587,9,1532,8,505,15,personal_loan,780
GINGER,64968,3741,4,1375,8,1324,6,3061,7,1543,9,506,17,personal_loan,781
FREDA,42705,4143,5,433,11,2549,8,3840,8,1076,6,929,16,personal_loan,782
DAMON,36191,1835,4,613,11,2787,6,3875,4,1622,9,1205,11,personal_loan,783
CHRISTIE,63833,4104,10,1559,9,1973,6,3206,5,1773,9,1066,9,personal_loan,784
CESAR,63146,7854,9,277,6,1259,8,3485,9,636,6,584,14,personal_loan,785
BETSY,56234,906,5,2330,10,2454,7,3223,6,1527,6,1400,15,personal_loan,786
ANDRES,89804,1574,8,1909,8,1491,6,3090,8,689,6,1321,11,personal_loan,787
WM,67339,3826,6,1237,6,2245,8,3146,6,843,8,562,9,personal_loan,788
TOMMIE,66161,5565,9,2032,12,2620,7,3139,4,1561,8,1409,17,personal_loan,789
TERI,69180,3989,5,1797,9,1892,7,3260,7,794,7,1128,12,personal_loan,790
ROBBIE,53379,2046,8,1472,7,2922,7,3910,4,522,6,617,16,personal_loan,791
MEREDITH,83929,2106,6,1923,7,2483,8,3682,8,823,6,765,17,personal_loan,792
MERCEDES,33878,7633,5,1232,10,2373,8,3404,6,573,9,1352,17,personal_loan,793
MARCO,42146,5073,5,1223,7,2977,8,3750,5,1367,6,896,9,personal_loan,794
LYNETTE,83956,4536,5,2048,9,2046,6,3305,7,900,5,519,15,personal_loan,795
EULA,90871,6636,10,1813,10,2072,6,3502,4,598,9,1433,11,personal_loan,796
CRISTINA,77293,6969,7,1288,9,1040,7,3140,8,1017,8,822,15,personal_loan,797
ARCHIE,84584,999,10,1914,8,1820,7,3441,5,996,8,1330,9,personal_loan,798
ALTON,78657,5343,5,345,7,2844,8,3810,5,1679,9,865,11,personal_loan,799
SOPHIA,64778,6646,9,1163,11,2724,6,3318,4,1567,5,962,17,personal_loan,800
ROCHELLE,65230,7574,7,1719,10,2435,7,3719,8,1310,7,530,18,personal_loan,801
RANDOLPH,80217,887,4,1766,9,1511,8,3707,4,1527,9,947,15,personal_loan,802
PETE,94228,4718,9,770,8,2996,8,3551,4,653,7,811,17,personal_loan,803
MERLE,34115,448,7,2045,11,2383,7,3147,8,740,8,1045,16,personal_loan,804
MEGHAN,96964,6214,6,759,7,1604,7,3997,6,1282,9,1193,15,personal_loan,805
JONATHON,86352,1522,10,1421,10,2174,8,3155,5,1016,7,740,8,personal_loan,806
GRETCHEN,84576,5251,10,715,11,2399,7,3054,6,1236,9,859,12,personal_loan,807
GERARDO,88935,5389,5,1419,9,2768,7,3473,4,1680,7,606,11,personal_loan,808
GEOFFREY,43260,4736,7,2218,8,2647,6,3976,9,1268,6,1024,9,personal_loan,809
GARRY,54770,2598,7,551,8,2092,6,3703,6,1126,8,954,16,personal_loan,810
FELIPE,62226,4074,9,1189,12,2793,7,3568,5,874,6,1095,8,personal_loan,811
ELOISE,53309,4041,10,1433,10,1507,7,3340,5,1053,6,678,8,personal_loan,812
ED,99239,1263,6,1001,7,1156,8,3281,8,1195,8,1293,13,personal_loan,813
DOMINIC,41443,3596,4,1592,6,1127,7,3763,8,1625,5,1206,15,personal_loan,814
DEVIN,54726,5301,6,1955,6,2786,6,3148,6,720,9,1490,13,personal_loan,815
CECELIA,59426,683,10,2075,11,2438,8,3691,7,1197,8,1453,17,personal_loan,816
CARROLL,87579,1315,10,721,7,1520,6,3126,8,1064,6,1334,13,personal_loan,817
RAQUEL,74887,4947,5,1192,11,1809,6,3643,9,782,9,1001,14,personal_loan,818
LUCAS,59202,1973,8,1526,12,2152,7,3817,7,798,7,1026,18,personal_loan,819
JANA,59396,1480,10,2399,9,1681,7,3678,8,1400,6,846,10,personal_loan,820
HENRIETTA,92028,2472,6,757,7,1747,7,3069,4,1462,7,1238,17,personal_loan,821
GWEN,71407,2312,4,981,8,1019,7,3312,4,1212,7,1271,9,personal_loan,822
GUILLERMO,61455,619,6,1586,12,2124,8,3579,6,653,5,1053,14,personal_loan,823
EARNEST,44543,3661,7,326,9,1376,8,3402,9,1044,6,1082,13,personal_loan,824
DELBERT,95009,3198,6,1566,7,2543,7,3274,9,1252,6,1473,17,personal_loan,825
COLIN,43905,5296,8,2337,7,1456,6,3903,7,755,6,743,10,personal_loan,826
ALYSSA,93620,7033,4,1697,6,2743,7,3873,8,1574,9,792,14,personal_loan,827
TRICIA,76726,3439,5,2482,9,1397,6,3644,4,1197,5,1061,18,personal_loan,828
TASHA,41901,1169,10,2245,6,2297,8,3519,9,1113,6,1341,18,personal_loan,829
SPENCER,37487,5322,6,1070,11,1512,8,3262,6,570,9,904,13,personal_loan,830
RODOLFO,92488,6699,6,316,9,2413,7,3573,7,913,6,636,10,personal_loan,831
OLIVE,94455,2198,8,870,6,2398,8,3347,4,741,5,996,16,personal_loan,832
MYRON,37160,706,6,1850,9,1693,8,3849,6,620,5,767,15,personal_loan,833
JENNA,93141,6749,7,2231,12,1223,8,3896,7,847,7,523,15,personal_loan,834
EDMUND,57319,4962,4,1318,10,1981,6,3122,5,1441,8,940,13,personal_loan,835
CLEO,94691,5667,9,1007,6,1237,7,3305,5,951,6,774,14,personal_loan,836
BENNY,38372,7553,5,1802,10,1257,6,3415,9,1295,9,1354,9,personal_loan,837
SOPHIE,81761,7203,4,1835,7,1501,8,3176,4,1755,9,1472,9,personal_loan,838
SONJA,36526,2848,4,1749,7,2607,6,3839,6,1392,5,1040,9,personal_loan,839
SILVIA,96777,2216,6,725,7,1537,8,3910,8,644,5,918,11,personal_loan,840
SALVATORE,96348,4522,7,1218,8,2758,8,3844,8,1066,7,1490,18,personal_loan,841
PATTI,62286,1059,8,1346,9,2517,7,3958,9,522,5,679,15,personal_loan,842
MINDY,42769,4452,4,1367,9,1529,6,3971,4,1691,9,766,18,personal_loan,843
MAY,50355,6835,6,915,12,1965,8,3733,6,1784,7,1042,9,personal_loan,844
MANDY,46499,6253,5,1800,6,2161,7,3888,8,1468,9,607,18,personal_loan,845
LOWELL,48254,736,10,808,8,2897,8,3832,4,1538,8,776,14,personal_loan,846
LORENA,66751,4869,6,425,7,2377,7,3100,5,915,8,997,16,personal_loan,847
LILA,40233,6524,9,301,9,2369,8,3161,5,1709,7,736,9,personal_loan,848
LANA,51481,4688,9,946,9,1865,7,3678,7,909,9,749,13,personal_loan,849
KELLIE,31896,2907,4,1896,6,2354,8,3344,6,620,8,1333,16,personal_loan,850
KATE,91416,7404,5,686,11,2268,7,3825,7,654,6,927,15,personal_loan,851
JEWEL,70381,7209,9,1461,10,2320,7,3175,8,1389,5,1456,9,personal_loan,852
GREGG,50375,4322,5,941,11,1382,8,3623,7,1208,8,950,10,personal_loan,853
GARRETT,44236,2974,7,1073,12,2319,6,3066,4,626,7,1307,12,personal_loan,854
ESSIE,66243,4821,8,1092,7,1462,8,3114,8,998,9,657,16,personal_loan,855
ELVIRA,42828,1772,10,2075,12,1713,7,3215,8,1064,7,656,8,personal_loan,856
DELIA,86509,2237,7,1036,8,2413,7,3007,8,1025,9,589,18,personal_loan,857
DARLA,91793,2598,7,302,9,2318,6,3707,9,1041,5,718,11,personal_loan,858
CEDRIC,66519,730,10,1071,12,1218,7,3705,5,921,6,1363,8,personal_loan,859
WILSON,55599,1457,10,2354,12,1329,8,3595,8,1049,6,629,18,personal_loan,860
SYLVESTER,41702,3651,8,233,6,2315,6,3395,9,613,9,1371,13,personal_loan,861
SHERMAN,53854,4218,8,1599,6,2218,8,3212,9,1003,8,640,17,personal_loan,862
SHARI,89481,1498,9,2242,10,1945,8,3324,8,1126,9,1489,12,personal_loan,863
ROOSEVELT,72982,6366,6,406,8,1463,7,3420,9,1723,9,619,15,personal_loan,864
MIRANDA,96354,2154,4,1528,11,2724,8,3445,6,875,7,1261,17,personal_loan,865
MARTY,86985,3657,4,2453,10,2829,7,3997,7,889,9,1420,11,personal_loan,866
MARTA,67120,3248,7,645,12,2588,7,3360,7,1753,6,883,8,personal_loan,867
LUCIA,74927,5227,7,1652,11,2044,8,3779,8,1455,9,1354,18,personal_loan,868
LORENE,39195,4723,4,800,12,1605,7,3067,5,1273,7,1474,15,personal_loan,869
LELA,89602,2803,7,718,10,1178,6,3391,5,1660,6,1266,14,personal_loan,870
JOSEFINA,65878,3162,6,2017,8,1862,7,3942,4,1537,6,1104,18,personal_loan,871
JOHANNA,83516,637,7,1994,6,1033,6,3273,9,1121,5,1423,18,personal_loan,872
JERMAINE,59172,6345,6,638,6,2217,8,3304,4,636,9,700,16,personal_loan,873
JEANNIE,41166,1892,9,1058,11,1319,6,3976,9,1714,5,1051,12,personal_loan,874
ISRAEL,94255,7674,6,1277,9,2853,8,3284,4,1299,5,1301,12,personal_loan,875
FAITH,67073,5379,8,889,7,2270,7,3745,7,682,7,1323,18,personal_loan,876
ELSA,91019,1475,5,602,9,1651,7,3234,7,1689,6,1323,16,personal_loan,877
DIXIE,89778,1933,7,1155,8,1717,6,3058,6,1536,9,1368,11,personal_loan,878
CAMILLE,99578,6698,4,2357,12,1970,7,3465,9,1354,8,1499,10,personal_loan,879
WINIFRED,69906,6400,6,2307,9,2116,8,3071,9,1638,8,1160,17,personal_loan,880
WILBERT,80780,3397,6,1410,6,2740,8,3420,9,1618,9,1278,10,personal_loan,881
TAMI,65653,4961,8,1972,7,1617,6,3016,8,1478,5,967,10,personal_loan,882
TABITHA,52921,6061,5,2265,11,1571,6,3204,7,655,7,817,16,personal_loan,883
SHAWNA,53891,516,6,1175,7,1292,6,3569,5,1500,5,878,12,personal_loan,884
RENA,67759,3556,4,1321,8,1830,7,3356,9,864,7,1183,15,personal_loan,885
ORA,59461,1631,9,2321,7,2729,8,3775,9,1369,5,1447,12,personal_loan,886
NETTIE,98531,2604,4,1992,9,2552,6,3776,7,826,9,568,9,personal_loan,887
MELBA,72054,4180,8,996,11,2812,6,3574,8,1643,6,905,10,personal_loan,888
MARINA,57814,1008,4,2380,8,1858,8,3298,7,966,6,1453,15,personal_loan,889
LELAND,99567,2121,10,2361,12,2766,7,3000,4,827,8,908,16,personal_loan,890
KRISTIE,44534,7158,6,898,10,2216,6,3499,8,1294,8,1133,12,personal_loan,891
FORREST,35827,4003,4,2013,6,2998,6,3816,5,1293,7,860,13,personal_loan,892
ELISA,49087,2004,10,625,12,1431,8,3970,5,695,9,721,15,personal_loan,893
EBONY,76324,3538,7,2222,11,1037,7,3757,9,1537,7,703,17,personal_loan,894
ALISHA,74532,1374,7,1665,6,2078,6,3551,8,1248,9,1362,13,personal_loan,895
AIMEE,96149,1613,9,716,11,1044,7,3187,5,1227,5,1336,11,personal_loan,896
TAMMIE,83326,4235,8,1837,6,1064,8,3462,5,1798,9,1374,16,personal_loan,897
SIMON,79679,1460,7,1259,12,2604,6,3615,5,1629,8,1206,18,personal_loan,898
SHERRIE,81338,3522,5,2479,9,1657,8,3602,8,633,7,612,12,personal_loan,899
SAMMY,56619,1173,6,1312,9,1730,8,3034,5,1504,7,995,12,personal_loan,900
RONDA,59621,6345,6,1565,10,2446,7,3922,7,1303,7,1112,15,personal_loan,901
PATRICE,63313,7141,6,1632,11,1328,8,3243,4,970,7,1313,11,personal_loan,902
OWEN,59157,7603,7,1687,9,1150,7,3017,9,1770,5,1455,15,personal_loan,903
MYRNA,89541,2835,7,1156,6,2372,7,3715,5,1151,5,532,18,personal_loan,904
MARLA,59892,3763,7,2247,7,1438,6,3656,7,626,7,1263,11,personal_loan,905
LATASHA,37716,5055,8,442,9,2884,7,3836,4,1181,9,779,18,personal_loan,906
IRVING,53425,3630,10,622,9,1617,8,3390,5,1713,7,1127,10,personal_loan,907
DALLAS,40659,7539,9,1480,7,1993,8,3372,6,1554,6,533,11,personal_loan,908
CLARK,74871,3360,7,784,12,2523,8,3564,7,1091,6,1247,14,personal_loan,909
BRYANT,80208,2029,4,1459,12,2119,8,3117,5,804,7,882,18,personal_loan,910
BONITA,93144,5339,8,1300,7,1359,8,3292,4,508,9,1421,18,personal_loan,911
AUBREY,64408,6495,7,2424,6,2892,7,3374,9,1003,7,894,8,personal_loan,912
ADDIE,45778,7593,7,2124,11,2074,7,3030,8,1503,6,916,18,personal_loan,913
WOODROW,81014,2807,5,499,8,2867,7,3152,8,596,8,735,10,personal_loan,914
STACIE,80075,7299,5,2159,6,2768,6,3878,6,671,8,1435,15,personal_loan,915
RUFUS,99604,7417,7,417,9,2343,8,3033,7,1380,9,708,15,personal_loan,916
ROSARIO,88549,1641,9,817,7,1948,6,3139,7,1743,7,1077,18,personal_loan,917
REBEKAH,56053,2560,7,1651,10,1928,8,3639,4,1276,9,633,10,personal_loan,918
MARCOS,58182,7000,8,1532,9,2617,7,3189,5,698,8,898,16,personal_loan,919
MACK,44115,1144,4,2129,12,1239,8,3754,6,1578,5,1063,11,personal_loan,920
LUPE,85164,3348,6,944,11,2373,7,3925,6,867,5,823,11,personal_loan,921
LUCINDA,88228,7249,10,852,10,1297,8,3267,7,918,9,1346,18,personal_loan,922
LOU,76275,2682,7,1454,8,2119,6,3726,8,838,7,615,17,personal_loan,923
LEVI,83681,6281,7,223,8,2618,8,3937,4,1198,6,1340,11,personal_loan,924
LAURENCE,52414,1665,5,234,10,2864,8,3755,6,1142,6,540,12,personal_loan,925
KRISTOPHER,64620,3866,7,594,10,2650,7,3839,7,794,9,554,10,personal_loan,926
JEWELL,74030,2122,7,1117,12,2463,8,3445,7,1114,6,1412,8,personal_loan,927
JAKE,39718,3652,7,1880,9,1562,6,3138,9,1409,5,711,15,personal_loan,928
GUSTAVO,84433,566,8,1702,9,2551,7,3586,8,1750,6,1314,17,personal_loan,929
FRANCINE,36003,6205,6,1056,11,1608,7,3964,4,858,9,941,11,personal_loan,930
ELLIS,86277,2236,9,1863,6,2318,8,3371,6,550,5,853,14,personal_loan,931
DREW,83714,1096,10,524,9,2394,7,3094,6,1537,5,594,14,personal_loan,932
DORTHY,96698,2694,10,446,8,2528,8,3915,8,1111,6,1074,11,personal_loan,933
DELORIS,41818,3759,8,2272,8,2973,7,3342,8,1353,7,1152,15,personal_loan,934
CHERI,63739,6781,6,752,12,1221,8,3073,4,669,6,937,17,personal_loan,935
CELESTE,36746,3496,9,1536,8,1475,7,3581,7,1250,6,1020,14,personal_loan,936
CARA,42338,3761,10,464,12,2779,6,3799,5,945,9,1179,14,personal_loan,937
ADRIANA,99868,2951,8,1312,12,1935,6,3630,6,1333,7,983,15,personal_loan,938
ADELE,44386,4214,9,608,9,2189,6,3916,5,1258,5,1474,14,personal_loan,939
ABIGAIL,48630,5274,7,1478,10,1905,7,3154,8,722,8,951,16,personal_loan,940
TRISHA,39266,6988,8,414,6,2491,7,3855,6,1125,7,829,14,personal_loan,941
TRINA,89011,3469,6,1696,10,2514,7,3874,7,1786,8,711,10,personal_loan,942
TRACIE,41241,6893,7,2285,6,1110,7,3165,8,590,8,1032,16,personal_loan,943
SALLIE,80940,5983,5,1315,10,1369,8,3565,8,1787,8,886,12,personal_loan,944
REBA,96179,6858,7,1514,8,2083,6,3926,4,808,6,861,13,personal_loan,945
ORVILLE,47833,2338,8,2153,11,2123,6,3128,6,1207,9,735,11,personal_loan,946
NIKKI,62164,3033,5,2010,9,1817,7,3207,4,606,5,1055,18,personal_loan,947
NICOLAS,71139,7578,9,659,7,1473,6,3209,7,1535,6,542,10,personal_loan,948
MARISSA,31322,7816,5,1698,12,2519,8,3758,6,1624,8,643,10,personal_loan,949
LOURDES,85192,1459,7,411,10,2037,7,3054,9,525,5,546,14,personal_loan,950
LOTTIE,46313,613,5,2454,10,1094,8,3365,6,1574,7,957,8,personal_loan,951
LIONEL,48176,6297,8,2284,11,1658,7,3261,7,1181,5,746,18,personal_loan,952
LENORA,56629,3094,9,2078,7,1400,6,3002,8,1148,8,590,15,personal_loan,953
LAUREL,40388,2405,9,796,10,1086,8,3690,8,1611,5,1076,18,personal_loan,954
KERRI,30947,878,10,1045,7,1882,8,3356,5,514,8,595,9,personal_loan,955
KELSEY,45846,7559,6,2326,7,2477,6,3810,7,723,9,1116,10,personal_loan,956
KARIN,42283,3741,8,362,11,2568,7,3700,6,1346,9,1215,12,personal_loan,957
JOSIE,34752,2426,8,486,7,1462,6,3884,4,1338,7,768,11,personal_loan,958
JANELLE,84043,7690,4,744,6,2205,7,3582,6,928,8,1101,10,personal_loan,959
ISMAEL,47009,6138,6,1547,11,2756,6,3659,7,1087,6,731,11,personal_loan,960
HELENE,35033,6537,7,1038,10,1244,7,3751,6,533,5,1062,11,personal_loan,961
GILBERTO,74001,3951,9,554,8,2924,6,3539,4,988,6,514,10,personal_loan,962
GALE,50167,2135,9,1185,11,2543,8,3947,5,1656,6,799,14,personal_loan,963
FRANCISCA,39944,3220,7,1032,9,1519,8,3935,7,1594,7,1351,11,personal_loan,964
FERN,72568,6907,4,1174,11,1594,6,3256,6,1357,9,632,9,personal_loan,965
ETTA,86896,3659,8,1351,12,2135,6,3720,4,654,6,775,14,personal_loan,966
ESTELLA,61223,3221,5,2241,7,1737,6,3834,8,1006,5,824,9,personal_loan,967
ELVA,84145,5876,9,1211,7,1844,6,3276,7,629,7,1455,13,personal_loan,968
EFFIE,98126,6065,10,1483,7,1412,7,3468,9,1269,6,1013,9,personal_loan,969
DOMINIQUE,56286,4457,4,2234,12,1583,7,3806,4,1110,6,1440,16,personal_loan,970
CORINNE,84591,3237,7,1683,7,1595,6,3278,7,542,6,962,17,personal_loan,971
CLINT,35366,6629,5,514,9,1717,8,3029,9,1474,5,526,9,personal_loan,972
BRITTNEY,49801,3291,7,1993,10,1364,8,3936,7,675,6,912,10,personal_loan,973
AURORA,95758,4592,5,1180,6,2798,7,3249,4,1484,5,1483,10,personal_loan,974
WILFRED,71112,1226,4,1867,8,2355,7,3084,8,1356,9,1447,16,personal_loan,975
TOMAS,37460,6143,7,307,7,2420,7,3045,8,1287,7,836,11,personal_loan,976
TOBY,71267,4786,10,2206,6,2124,6,3238,6,1427,9,1187,11,personal_loan,977
SHELDON,56324,1962,8,784,11,2864,7,3249,4,519,5,793,14,personal_loan,978
SANTOS,79515,5093,10,549,10,1133,8,3916,4,780,7,511,14,personal_loan,979
MAUDE,63178,2328,9,1816,9,2290,8,3185,6,1737,8,805,17,personal_loan,980
LESLEY,90660,684,4,1706,6,2831,6,3982,8,1393,9,1461,14,personal_loan,981
JOSH,52167,2227,8,356,8,2391,8,3655,4,521,5,577,11,personal_loan,982
JENIFER,47758,1836,5,1784,6,2743,8,3842,9,1696,5,747,18,personal_loan,983
IVA,42009,6130,6,955,9,1868,6,3324,5,1512,7,1354,9,personal_loan,984
INGRID,69958,4966,6,1203,12,2343,7,3518,7,503,6,1473,18,personal_loan,985
INA,59147,5668,4,679,9,2711,6,3290,6,1116,7,1310,16,personal_loan,986
IGNACIO,78823,4222,7,1612,9,2271,6,3646,4,1165,7,1125,12,personal_loan,987
HUGO,87466,5073,4,669,12,2799,6,3844,4,1618,7,1156,9,personal_loan,988
GOLDIE,34347,3675,4,535,10,2940,7,3397,9,1268,7,841,16,personal_loan,989
EUGENIA,79422,5118,4,637,9,2279,6,3878,6,1519,8,1476,8,personal_loan,990
ERVIN,95054,6760,6,372,8,2967,6,3433,6,557,6,1338,9,personal_loan,991
ERICK,31436,861,5,2470,12,1891,6,3532,6,1719,9,1313,18,personal_loan,992
ELISABETH,75003,7202,6,1343,7,1766,8,3559,5,1163,8,950,15,personal_loan,993
DEWEY,46516,6484,4,1064,7,1814,8,3157,5,528,8,1431,10,personal_loan,994
CHRISTA,69458,6620,6,593,8,2412,8,3708,9,1057,5,1355,16,personal_loan,995
CASSIE,51569,7939,7,2186,7,2528,6,3734,8,897,5,749,14,personal_loan,996
CARY,99001,7887,9,1579,10,1085,7,3465,6,506,9,895,8,personal_loan,997
CALEB,92564,4498,7,1087,11,1588,6,3814,9,1416,9,1260,11,personal_loan,998
CAITLIN,95569,5917,9,1512,10,1656,8,3471,6,1314,7,1112,14,personal_loan,999
BETTIE,90041,5875,9,908,8,2094,8,3196,5,613,6,525,12,personal_loan,1000